isin,day,fwd20,fwd60,vol_change_pct
INE00ER01015,12,-0.2544529262086481,48.091603053435115,-81.67938931297711
INE00ER01015,291,-25.882352941176467,-35.1336898395722,-51.19331742243437
INE00ER01015,316,-13.591945513769609,-4.116079360379032,195.65217391304347
INE00ER01015,332,17.128874388254477,0.032626427406201586,-89.22345483359746
INE00ER01015,357,-2.141582391433672,-0.35693039857227493,864.8648648648649
INE00ER01015,363,19.929245283018872,33.09748427672956,97.265625
INE00ER01015,375,7.354721549636811,-4.0556900726392175,-61.31687242798354
INE00ER01015,385,27.533265097236438,2.5588536335721557,97.23502304147465
INE00ER01015,396,-11.788399570354457,-27.49731471535982,-10.282258064516125
INE00ER01015,404,-5.25599128540305,-23.747276688453155,-76.4565992865636
INE00GK01023,55,10.943396226415093,121.82389937106919,21.90114068441065
INE00GK01023,57,12.339252908756881,97.88732394366195,14.306784660766958
INE00GK01023,59,25.629828686597243,136.81558616056435,29.579831932773114
INE00GK01023,78,12.299465240641716,216.49732620320856,-69.47162426614481
INE00GK01023,93,85.97838452787256,198.77701934015923,302.664298401421
INE00GK01023,100,54.45275322909586,135.73532744164964,686.3109048723898
INE00MT01022,89,-9.142496847414883,-13.93442622950819,-66.87898089171975
INE00MT01022,102,3.450807635829678,0.5873715124816492,-67.80575539568345
INE00MT01022,117,-2.289562289562297,-11.515151515151512,43.36734693877551
INE00MT01022,120,1.9830028328611915,-5.736543909348435,57.67195767195767
INE00MT01022,388,,,-65.54225607544433
INE01FR01028,444,3.384094754653133,,-1.798280079900516
INE01FR01028,475,,,778.9047199652335
INE01IH01015,391,-13.41991341991342,,16.03773584905661
INE01YQ01013,126,1.7452006980802848,4.712041884816753,-84.7328244274809
INE01YQ01013,134,7.0234113712374535,43.143812709030094,-68.62068965517241
INE01YQ01013,146,10.806174957118353,33.79073756432247,323.3333333333333
INE01YQ01013,155,-5.803571428571441,13.095238095238093,208.8888888888889
INE01YQ01013,289,-7.929515418502209,-1.7621145374449254,47.058823529411775
INE01YQ01013,328,1.5151515151515138,10.389610389610393,-77.77777777777779
INE01YQ01013,350,16.025641025641036,,26.530612244897966
INE01YQ01013,370,-6.261510128913439,,64.51612903225808
INE02IJ01035,114,-16.860934503986268,-20.405691795337567,-33.909036395626046
INE02S501018,78,33.033175355450226,51.65876777251184,91.30434782608697
INE02S501018,484,-1.6479894528675043,-1.4502307185233931,34.554973821989535
INE04VX01019,376,7.615062761506275,12.970711297071125,-32.295719844357976
INE05CZ01011,254,-8.161416926637822,-7.255710979168772,-62.87304130303929
INE05CZ01011,273,45.43168482816431,5.152277172394526,203.47551685008827
INE06IJ01010,69,13.583632145117065,-10.208816705336432,-57.59142255408769
INE06IJ01010,460,40.90909090909092,,-23.796719548265667
INE06IJ01010,472,17.79651229934174,,-48.062865497076025
INE06WU01026,224,19.7043034409927,,33.73273362372808
INE06XZ01023,147,6.8659658344284,23.57424441524312,-79.46169545206907
INE07K301024,332,-21.66252541224305,-28.13417664332506,106.03936611165335
INE07K301024,371,-6.702451762657757,21.151893225010898,-16.12595157997543
INE07K301024,376,-0.05883218120311673,23.621120753051915,-20.069088370224186
INE084K01015,206,-7.264063226406325,,-78.93489411741565
INE084K01015,217,,,-18.744806111617997
INE08NZ01012,97,-15.751920965971456,-14.654226125137203,-34.21985815602837
INE08NZ01012,448,2.1382488479262607,,-71.44622991347343
INE08NZ01012,457,-1.2519837771116205,,-45.90643274853801
INE08NZ01012,461,,,-33.183029309284684
INE08NZ01012,467,,,33.48205986242796
INE08U801020,525,-4.87778440192943,-7.620183187903096,-9.782673759467365
INE09XN01023,13,-4.185083645722598,-31.779779555754494,-88.70777339882397
INE09XN01023,73,-8.04559993438858,-14.147461658328552,3.558390291644886
INE0A6N01026,44,-0.9733389758781241,6.728734659331348,-42.206235011990415
INE0A6N01026,99,-3.634400863619991,-3.310543360921192,-7.301587301587298
INE0A6N01026,200,16.115146623621214,-2.1253699219800803,-5.226480836236935
INE0A6N01026,202,6.575963718820876,-5.165028974552788,11.570247933884303
INE0A6N01026,212,7.831677381648161,-11.192285213325547,269.3467336683417
INE0A6N01026,224,-0.6397637795275468,-13.38582677165354,156.69291338582676
INE0A6N01026,254,-14.394152375597413,8.096710711273559,248.34437086092714
INE0A6N01026,265,8.76432331991328,-5.357695881077717,283.4586466165414
INE0A6N01026,278,23.129251700680275,-9.727891156462597,-70.76612903225806
INE0A6N01026,297,-9.718039967150283,-36.709553791404325,456.79999999999995
INE0A6N01026,317,-22.528805336567615,-42.540933899332934,-73.99425287356323
INE0A6N01026,343,-14.749262536873154,-24.041297935103245,1048.936170212766
INE0A6N01026,363,-4.844290657439442,-21.885813148788923,-68.82716049382715
INE0A6N01026,379,2.1791767554479424,-20.581113801452787,-60.97852028639619
INE0A6N01026,501,11.399276236429422,,168.50393700787401
INE0A8401016,42,-7.837097878165633,-6.468172484599588,7.692307692307687
INE0A8401016,44,-0.8070175438596561,-8.877192982456139,10.280373831775691
INE0A8401016,58,3.539156626506035,1.6566265060240948,-71.14093959731544
INE0A8401016,87,0.45630045630047356,-5.2299052299052295,-28.000000000000004
INE0A8401016,108,-6.821963394342767,-7.287853577371051,-21.42857142857143
INE0A8401016,115,-2.169915410077239,-4.376609047443914,-36.36363636363637
INE0A8401016,120,7.407407407407418,-5.555555555555558,-16.36363636363637
INE0AE001013,674,-9.385113268608414,,135.63505840633314
INE0AE001013,688,-3.6144578313253017,,-80.7418174142717
INE0AE001013,707,,,650.571861206117
INE0AZY01017,114,4.894338118022312,-32.127192982456144,-60.38245686967366
INE0BHK01012,174,0.6482027106659016,40.60106069534473,-91.70068027210885
INE0BHK01012,183,12.147380541162933,33.563615428900405,-89.81900452488688
INE0BHK01012,216,-4.557179707652626,6.620808254514188,-47.22222222222222
INE0BHK01012,318,,,-48.372615039281705
INE0BHK01012,324,,,46.76616915422886
INE0BSN01013,21,-12.737489965212735,-27.374899652127382,-71.19919719016559
INE0BSN01013,34,-22.74011299435028,-22.598870056497177,-75.74242869744194
INE0BSN01013,74,-4.396371249127706,-50.76762037683182,-65.05319148936171
INE0BSN01013,124,-32.25108225108225,-27.705627705627712,25.029377203290238
INE0BSN01013,135,-32.66219239373602,-4.996271439224453,82.54649499284692
INE0BSN01013,148,-2.6079869600652006,0.24449877750611915,-15.261756876663712
INE0BSN01013,151,3.778801843317958,11.612903225806438,-39.653815892997635
INE0BSN01013,154,25.87117212249208,23.125659978880677,-58.54014598540146
INE0BSN01013,157,27.963525835866253,21.27659574468086,-70.0
INE0BSN01013,167,3.281378178835115,-7.301066447908122,-81.60569105691057
INE0BSN01013,198,-8.06577916992952,-13.703993735317155,0.0
INE0BSN01013,353,-9.610154125113324,-13.327289211242066,-70.88167053364269
INE0BSN01013,466,-9.362279511533256,,-61.62361623616236
INE0CTB01014,60,23.506743737957603,7.899807321772645,-32.86219081272085
INE0CTB01014,129,,,87.3873873873874
INE0D8001018,50,-12.765589911901888,33.01088270858526,-23.913043478260864
INE0D8001018,139,,,10.644257703081216
INE0DHF01018,94,-25.802469135802465,-30.12345679012346,3.322259136212624
INE0DHF01018,146,1.6314779270633517,10.172744721689053,-90.89645587213343
INE0DHF01018,153,6.756756756756754,1.3513513513513598,-84.26763110307414
INE0DHF01018,179,-15.912408759124085,-20.2919708029197,-24.034334763948493
INE0DQN01013,28,-32.38041853512706,-28.60612855007474,-68.54077253218884
INE0DQN01013,31,-14.307996256628886,-23.572839762919827,-61.54674322626952
INE0DQN01013,52,-18.41618497109826,-16.023121387283233,-50.9765625
INE0DQN01013,57,-13.054596598900403,-19.971870604782005,-19.374999999999996
INE0EDU01014,137,0.6530612244898037,,62.729124236252545
INE0EOJ01014,22,-28.556910569105685,-45.9349593495935,-79.19728660260034
INE0EOJ01014,59,-12.181818181818183,-3.9999999999999925,42.85714285714286
INE0EOJ01014,77,22.153209109730867,15.3209109730849,-35.40983606557377
INE0F3301020,146,11.437754041024672,2.391530390396057,19.476268412438635
INE0F3301020,232,-0.7638347622759167,-19.48558067030397,-12.63877028181042
INE0FPO01018,125,15.914489311163882,16.389548693586686,-78.53492333901193
INE0FPO01018,147,-8.007448789571702,-18.80819366852886,48.484848484848484
INE0FPO01018,155,-9.615384615384615,-17.500000000000004,-60.26785714285714
INE0FPO01018,176,-8.141962421711902,-10.229645093945717,17.24137931034482
INE0INJ01017,64,-14.267129228100606,-17.606244579358197,-29.934023427827526
INE0INJ01017,635,2.0904436860068154,3.924914675767921,-83.51497501161114
INE0INJ01017,699,,,441.77011225352135
INE0ISZ01012,18,13.744939271255063,54.51417004048582,-16.45768772348034
INE0ISZ01012,81,-14.53824362606232,26.424929178470258,-44.28412874583796
INE0ISZ01012,122,42.6243890211806,48.026068429627756,-48.65375531412376
INE0ISZ01012,188,5.49510337323178,-0.37178092129125373,-64.88070322310591
INE0ISZ01012,206,-5.580780979113342,-8.577561297779235,2.639019792648445
INE0ISZ01012,225,-1.6077170418006381,5.805644873168991,37.09677419354838
INE0ISZ01012,230,-3.0477830391734906,0.3702109341368942,45.633359559402045
INE0ISZ01012,259,-3.225006201934999,2.265773588026132,-66.22889305816135
INE0ISZ01012,270,6.030013642564791,8.403819918144627,-56.174698795180724
INE0JQS01019,27,-1.022676745220108,-27.145397954646512,-63.85988548332773
INE0JQS01019,48,-13.455186082360715,-41.42259414225941,-50.47801147227533
INE0JQS01019,89,-22.67441860465116,2.4640088593577136,-31.85550082101807
INE0JQS01019,94,-20.87542087542087,-2.3875114784205675,-22.569444444444443
INE0JQS01019,114,-7.156673114119927,61.89555125725339,-39.7982062780269
INE0JQS01019,157,14.114285714285701,11.800000000000011,-25.337569499602864
INE0JQS01019,231,38.23747222907923,6.121945198716361,1060.6463878326997
INE0JQS01019,246,-12.761142061281328,-29.19568245125348,-66.81390977443608
INE0JQS01019,262,-15.559736594543738,-18.231420507996233,-71.64316370324954
INE0JQS01019,318,-10.761027629665543,0.6786233640329487,-12.828207051762941
INE0JQS01019,359,16.120436983746345,-18.918198774313876,-4.3429003021148045
INE0JQS01019,399,-12.832999140647383,,50.95162569389373
INE0JQS01019,420,-7.824726134585291,,-63.24961558175295
INE0JVH01012,100,-9.745762711864403,,-25.482625482625487
INE0JWS01017,379,0.81612090680101,-1.6120906801007528,-82.23415742813252
INE0JWS01017,701,,,785.057686194581
INE0KZF01015,19,-20.66772655007949,-30.60413354531002,-81.02390688895879
INE0KZF01015,30,-13.231323132313221,-23.04230423042304,-90.68612232226016
INE0KZF01015,148,19.22330097087379,26.407766990291258,-82.38636363636364
INE0KZF01015,156,16.157989228007175,7.001795332136451,-76.55172413793103
INE0KZF01015,171,-4.6544428772919755,-12.552891396332866,16.36363636363636
INE0KZF01015,177,4.889589905362768,-0.1577287066246047,-30.000000000000004
INE0KZF01015,211,-0.6410256410256387,3.205128205128216,28.301886792452823
INE0KZF01015,264,-17.68202080237742,-17.83060921248143,-22.972972972972972
INE0KZF01015,284,5.054151624548742,-10.649819494584833,-10.526315789473683
INE0KZF01015,288,6.017699115044239,-22.831858407079643,12.5
INE0LB101011,37,-11.267310113302553,-13.407469576164488,-72.4950884086444
INE0LB101011,49,-5.337361530715001,-23.726082578046327,-12.307692307692308
INE0LB101011,68,-15.00524658971668,-19.68520461699894,10.21897810218979
INE0LB101011,77,-1.597520267048147,-9.632808774439672,-32.786885245901644
INE0LB101011,173,-17.362637362637358,-29.059829059829067,-66.42685851318944
INE0LB101011,194,6.74331883157242,-26.351771286513358,-17.88079470198676
INE0LB101011,208,-19.62821213778021,-14.051394204483314,-63.63636363636363
INE0LLY01014,322,45.455168631752116,41.12284069097889,354.52150485270886
INE0LQG01010,105,-11.854605534902928,-0.2891367203634809,-82.3671497584541
INE0LQG01010,113,-15.367483296213813,40.80178173719378,-40.28571428571428
INE0LQG01010,153,60.538344337227024,68.71508379888267,181.46853146853147
INE0LQG01010,249,23.453050627434013,37.840761575075746,64.51612903225808
INE0LS001014,112,41.80064308681673,67.68488745980706,-86.9408945686901
INE0M3I01029,428,-10.569105691056912,,-84.6820809248555
INE0M3I01029,448,-9.090909090909093,,38.67924528301887
INE0M4D01010,367,2.2338317420284692,,-73.16368981646121
INE0MGA01012,26,-37.22096814647604,-9.305242036619,-35.46365914786968
INE0MGA01012,56,-6.243233489714905,112.95561169252974,-42.53308128544423
INE0MGA01012,73,66.10714285714288,128.2142857142857,62.51896813353566
INE0MGA01012,85,50.69686411149827,69.71544715447155,50.69767441860464
INE0MGA01012,284,-7.6612903225806495,79.94623655913978,-77.74049217002236
INE0MGA01012,289,1.1997913406364136,66.92749087115286,-71.27272727272727
INE0MGA01012,302,6.212716426596843,77.18609049905427,74.8878923766816
INE0MLS01022,120,51.48672164636454,84.55020049935689,61.41303282086119
INE0MNP01016,169,0.058241118229473976,11.939429237041344,-77.21733243060257
INE0MNP01016,175,6.08819345661451,10.583214793741114,-80.15973097940311
INE0MVO01012,95,-10.734046477314651,-6.492069347104401,-32.73942093541202
INE0MVO01012,124,7.219001309145301,4.507200299233194,-29.000000000000004
INE0N1401016,17,1.0406811731314969,-51.93945127719963,-87.35158057054741
INE0N1401016,44,-17.67554479418886,-27.72397094430992,-28.181818181818187
INE0N1401016,48,-7.0528967254408155,-29.345088161209077,-17.17171717171717
INE0N1401016,60,-33.47639484978542,-23.032904148783985,262.5
INE0N1401016,66,-42.741935483870975,-31.45161290322581,397.5903614457831
INE0N1401016,70,-39.03903903903904,-22.22222222222222,671.9298245614035
INE0N1401016,99,-13.38582677165354,-34.80314960629921,-11.111111111111116
INE0N1401016,151,-18.633540372670808,-39.13043478260869,-29.31034482758621
INE0N1401016,180,-30.35714285714286,-40.816326530612244,400.0
INE0N1401016,190,-22.702702702702705,-40.54054054054054,442.1052631578948
INE0N1401016,226,-12.452830188679243,-15.094339622641506,22.857142857142865
INE0N1401016,240,-8.62068965517241,-16.37931034482759,141.93548387096774
INE0N1401016,244,5.429864253393668,-23.076923076923084,159.3220338983051
INE0N1401016,264,5.579399141630903,,-65.68627450980392
INE0N1401016,287,-28.8135593220339,,11.764705882352944
INE0N2D01013,23,-15.41946799181526,-44.75299619994154,-65.82587469487389
INE0N2D01013,101,-11.563071297989037,-28.085009140767838,-38.68312757201646
INE0N2D01013,107,7.851031706089584,-13.462506290890786,-27.459016393442624
INE0N2D01013,204,10.955841252096143,41.1961989938513,-77.27666955767563
INE0N2D01013,206,9.409064830751568,44.8651749856569,-77.43785850860421
INE0N2D01013,211,19.19251023990636,39.0871854885898,-74.29205996668517
INE0N2D01013,245,18.654997696913878,-22.109626900046063,171.22093023255815
INE0N2D01013,258,-1.4261744966442946,-16.90436241610739,-22.086570477247502
INE0N4701016,25,21.483167994795906,-30.395186209139702,-64.42516268980476
INE0N4701016,31,31.170046801872076,-9.048361934477377,-37.54152823920266
INE0N4701016,68,-31.176985981308412,10.105140186915884,-4.918032786885251
INE0N4701016,99,1.3374763577411741,4.336665766009196,-26.582278481012654
INE0N4701016,127,27.227171492204903,22.494432071269486,-20.512820512820518
INE0N4701016,147,-27.02407002188184,-27.899343544857768,53.2258064516129
INE0N4701016,157,-0.654511453950446,-19.354838709677423,13.157894736842103
INE0N4G01012,321,-5.358385525400133,-4.940848990953373,9.933774834437092
INE0N4G01012,330,-10.497981157469717,-14.266487213997303,-10.77844311377245
INE0N4G01012,353,10.193826274228268,-9.978463747307975,-43.88297872340425
INE0N4G01012,361,-0.7267441860465129,-19.69476744186046,-70.75718015665797
INE0N4G01012,372,-13.754152823920263,-29.568106312292365,27.73972602739727
INE0N6U01018,39,-21.2959107187474,-30.04913800283169,-49.187784275503574
INE0N6U01018,79,1.4127022458343408,13.378411011832881,-41.582491582491585
INE0N6U01018,114,-16.7497403946002,-12.253374870197298,12.62716935966488
INE0N6U01018,130,27.143629970246153,10.062212604814702,105.53191489361704
INE0N6U01018,144,-9.594391587381068,-0.20030045067601643,-26.884422110552762
INE0N6U01018,275,-17.81814363712725,-19.73960520789584,-27.77053455019557
INE0N6U01018,638,17.286440267806725,,-15.776499589153659
INE0N6U01018,644,0.3234109959738607,,-42.51700680272109
INE0NVI01020,292,0.7703418391911576,-7.0775156475686,-67.53789858860428
INE0NVI01020,307,0.1946472019464851,6.326034063260333,-12.549800796812749
INE0O9L01010,60,4.5112781954887105,-15.288220551378451,44.502617801047116
INE0OO201011,307,-1.4192558496355923,27.349443805140016,71.42857142857142
INE0OO201011,309,4.534412955465572,36.03238866396761,31.060606060606055
INE0OO201011,390,-24.02411021814007,,50.440528634361236
INE0OO201011,423,,,-50.617283950617285
INE0OO201011,438,,,-5.405405405405405
INE0OV601013,116,9.142624949207633,43.288636055803885,8.936567964200304
INE0OXY01013,35,2.5550749421587415,73.36284076048688,-50.34034185448495
INE0OXY01013,68,85.55978369717604,45.814139795713984,39.0290381125227
INE0OXY01013,101,-18.5841899717197,-30.762670018404627,9.116532218874518
INE0OXY01013,116,-21.64514317798989,-34.283174246677895,20.51833740831295
INE0OXY01013,127,-5.427809413969575,-4.642110574497216,60.53159478435306
INE0OXY01013,236,-15.745869659457634,-19.136843119310242,216.6540116426221
INE0OXY01013,251,9.029784724270119,-4.15806546741374,129.45501730103808
INE0P1P01017,207,-16.262135922330103,-32.038834951456316,87.09677419354837
INE0P1P01017,212,6.460674157303359,-14.32584269662922,25.0
INE0P1P01017,269,48.745519713261665,54.12186379928316,37.037037037037045
INE0P1P01017,323,-13.705583756345174,,-29.268292682926834
INE0P1P01017,367,,,103.70370370370372
INE0P4701011,202,-1.8681113394358295,-12.049318139361098,-87.31563421828909
INE0P4701011,208,2.754820936639124,-6.847697756788673,-84.79296991361335
INE0P4T01013,206,38.70023419203748,7.552693208430905,284.76190476190476
INE0P4T01013,241,-13.525179856115098,-27.098321342925658,-66.2037037037037
INE0P4T01013,249,-2.259332023575633,-37.57367387033399,-44.166666666666664
INE0P4T01013,274,-17.317845828933475,-41.6050686378036,-30.456852791878177
INE0P4T01013,289,-27.37142857142858,-36.57142857142858,68.0
INE0P4T01013,300,-29.43956785955435,-30.047265361242403,-12.01923076923077
INE0P4T01013,325,2.758007117437722,27.046263345195733,44.15584415584415
INE0P4T01013,342,-3.8983050847457568,-2.457627118644068,-64.7887323943662
INE0P4T01013,365,20.303285593934284,-12.552653748946929,289.55223880597015
INE0P4T01013,476,-28.720836685438456,-45.695897023330645,68.7719298245614
INE0P4T01013,527,-14.644351464435147,20.502092050209207,62.139917695473244
INE0P4T01013,540,2.4844720496894235,10.248447204968937,10.476190476190483
INE0P4T01013,592,-12.569832402234626,-15.78212290502793,-52.851711026615966
INE0P4T01013,596,-18.78531073446328,-8.192090395480223,-42.80155642023347
INE0P4T01013,603,-16.44444444444445,,-1.4285714285714235
INE0P4T01013,613,4.033613445378159,,66.42335766423358
INE0P4T01013,615,-0.991735537190086,,44.594594594594604
INE0P4T01013,622,7.434944237918217,,-19.68911917098446
INE0P5R01014,107,20.60673325934146,43.91416944136144,-20.07575757575758
INE0P5R01014,134,0.09803921568627416,19.047619047619047,-50.259067357512954
INE0P5R01014,175,-5.001091941471936,6.136711072286527,-31.25
INE0P5R01014,177,-7.919238414060037,-2.32241866304006,-24.462365591397848
INE0P5R01014,192,34.65017748769039,-8.599564868888121,-6.666666666666665
INE0P5R01014,217,-12.16368767638758,-30.423330197554087,15.327793167128355
INE0P5R01014,312,15.565487757481545,64.01088223863194,14.24346968950221
INE0P5R01014,347,9.125865162778757,-5.0371699564214385,-36.66746814138014
INE0P5R01014,357,15.42250852595679,,-37.31884057971014
INE0P5R01014,370,-22.4985994397759,,-31.026346834447505
INE0P5R01014,373,-28.066809615167585,,-38.83531157270029
INE0P5R01014,400,,,43.63961547060138
INE0P8B01020,42,-12.092833876221498,11.970684039087942,-93.00117350035748
INE0P8B01020,62,8.290875405280218,,-48.751770876621
INE0P8B01020,92,-14.292669355960497,,-21.38501593000839
INE0P8B01020,99,,,-67.49591475080314
INE0P9J01013,72,-0.5418243895197739,117.08602389965117,-64.38653637350707
INE0P9J01013,101,21.8995765275257,117.31531894871279,56.042031523642734
INE0P9J01013,121,54.43065894678798,70.54314860766475,39.64646464646464
INE0P9J01013,155,18.211610486891374,-12.2803226735811,14.022517911975442
INE0PCY01014,21,-7.008322382829613,-14.673674989049502,-67.25243410116362
INE0PCY01014,27,-19.343252950230895,-6.6187788609543325,-77.685546875
INE0PCY01014,31,-18.954545454545446,-16.86363636363636,-73.2554467950742
INE0PCY01014,46,1.5114873035066534,20.012091898428054,27.611168562564625
INE0PCY01014,147,13.890037205456807,26.66391070690366,-26.29969418960245
INE0PCY01014,165,7.807308970099669,0.8637873754152814,29.303278688524582
INE0PCY01014,186,-9.251101321585908,-12.628487518355358,0.560897435897445
INE0PCY01014,201,3.1729428172942775,-16.80613668061367,-49.745870393900894
INE0PCY01014,264,-17.204776647501106,-20.389208314904906,-48.36759371221282
INE0PCY01014,288,9.49720670391061,39.60893854748604,102.99401197604791
INE0PCY01014,293,4.329461457233363,11.298838437170012,76.97974217311234
INE0PCY01014,295,10.427350427350435,10.712250712250725,71.04795737122558
INE0PCY01014,305,-0.9350935093509483,15.016501650165015,-66.53919694072657
INE0PCY01014,619,,,362.0586025544703
INE0PDJ01013,318,-28.400342172797266,-9.067579127459368,292.82296650717706
INE0PDJ01013,332,-4.99419279907084,3.019744483159137,3.842459173871271
INE0PDJ01013,337,2.2556390977443552,19.423558897243097,-64.02831402831403
INE0PDJ01013,346,35.45454545454545,12.597402597402606,-80.25806451612904
INE0PDJ01013,366,-9.683604985618398,-17.641418983700852,5.555555555555558
INE0PDJ01013,374,-13.439849624060162,-14.191729323308277,-34.261838440111426
INE0PDJ01013,620,20.614035087719284,,131.06060606060606
INE0PDJ01013,635,34.71849865951744,,62.2568093385214
INE0PDJ01013,640,13.939393939393941,,64.26229508196721
INE0PDJ01013,649,42.37074401008829,,136.27450980392157
INE0PE401018,100,-4.595588235294112,-48.06985294117647,-15.107913669064743
INE0PE401018,102,-11.158798283261806,-55.36480686695279,-14.093959731543626
INE0PE401018,107,-16.12627986348123,-59.55631399317407,6.944444444444442
INE0PE401018,151,-40.313390313390315,10.113960113960108,175.15151515151516
INE0PE401018,168,30.30973451327432,111.50442477876106,-2.5495750708215303
INE0PE401018,180,10.379241516966054,63.67265469061876,-79.19320594479831
INE0PE401018,188,13.58234295415961,29.20203735144311,-70.93023255813952
INE0PE401018,211,16.558861578266495,-5.692108667529094,35.57692307692308
INE0PE401018,220,-9.191583610188259,-24.584717607973428,1.4084507042253502
INE0PE401018,263,-6.983240223463683,-28.49162011173183,-44.19889502762431
INE0PE401018,284,0.0,-23.222748815165872,-16.346153846153843
INE0PE401018,306,-9.090909090909093,-10.839160839160844,29.21348314606742
INE0PE401018,311,-8.363636363636362,-12.727272727272732,-3.0000000000000027
INE0PE401018,315,-10.707803992740473,-20.871143375680578,-43.90243902439024
INE0PE401018,341,26.535087719298247,30.263157894736835,125.42372881355934
INE0PE401018,354,-14.071294559099435,-2.4390243902438935,37.09677419354838
INE0PE401018,363,-7.0881226053639885,-8.045977011494255,53.846153846153854
INE0PE401018,377,32.53588516746413,9.569377990430628,59.8901098901099
INE0PE401018,388,31.51927437641724,0.6802721088435382,4.615384615384621
INE0PE401018,393,6.557377049180335,-6.147540983606559,11.688311688311682
INE0PE401018,436,15.299334811529919,,-16.836734693877553
INE0PE401018,438,6.25,,-13.592233009708742
INE0PE401018,442,9.036144578313255,,-19.021739130434778
INE0PE401018,463,,,-37.426210153482884
INE0PEQ01016,156,3.316770186335405,21.739130434782616,-10.179737224614849
INE0PEQ01016,162,10.410094637223978,9.533123028391177,-33.78227620728974
INE0PEQ01016,216,1.4234693877551052,2.214285714285724,-48.3150492837474
INE0PEQ01016,254,-12.936218778806897,-41.9867433387472,37.51091435220681
INE0PEQ01016,270,-16.256076910471396,-27.568689572294748,-2.287282458212636
INE0PEQ01016,318,3.579883779324211,0.2797905158189451,-54.09300874797399
INE0PEQ01016,327,8.407247365628079,5.670532939125161,-60.85196592834565
INE0PEQ01016,339,1.6637240255330754,-12.141790031237266,-5.271407278155261
INE0PLQ01011,84,-5.782548476454286,-6.336565096952917,-3.539823008849563
INE0PLQ01011,136,10.047846889952151,159.56937799043064,-12.790697674418606
INE0PLQ01011,179,98.37821297429619,110.12851897184821,249.89648033126292
INE0PLX01017,165,67.08955223880596,,36.820925553319924
INE0PLX01017,193,,,-64.06619385342789
INE0PMR01017,268,101.88053097345136,111.68879056047199,-73.53135313531354
INE0PMR01017,272,78.1422539785645,76.09613510880158,-60.925644916540215
INE0PMR01017,283,19.972099511741458,19.50709137409905,-0.6711409395973145
INE0PMR01017,441,-18.21410451547437,10.603754439370894,-40.33613445378151
INE0PMR01017,452,7.807404565509324,,-33.64485981308412
INE0POU01017,187,-1.1494252873563315,-14.80730223123733,-4.731182795698929
INE0POU01017,194,-7.452229299363045,-27.45222929936305,-73.00326950023354
INE0POU01017,291,-15.094339622641506,-13.207547169811317,124.60317460317461
INE0POU01017,417,-10.178117048346058,25.82697201017814,-67.67676767676767
INE0POU01017,420,-6.976744186046502,22.16142270861834,-74.86338797814207
INE0POU01017,516,-21.175030599755196,-24.11260709914321,-77.87857641311933
INE0POU01017,545,-1.3313609467455523,-14.201183431952657,-53.78787878787878
INE0POU01017,568,-18.128654970760238,,-16.000000000000004
INE0PPK01015,104,-34.985849516931786,-32.47779838001367,-48.062229366196604
INE0PPK01015,116,-14.049703473595033,0.5789325049420979,-33.8321476676007
INE0PPK01015,148,-14.599948546436837,-9.85335734499614,-36.81295198812633
INE0PPK01015,151,-10.787213068581892,-0.2253203774116308,-40.84716998516246
INE0PPK01015,154,4.817726947819878,1.8584703359542543,-33.236092791728126
INE0PQK01013,237,3.4482758620689724,2.8735632183908066,-82.61249453910004
INE0PQK01013,239,-0.8720930232558044,2.9069767441860517,-88.18897637795276
INE0PQK01013,242,-4.802259887005633,-0.28248587570621764,-87.82795698924731
INE0PQK01013,271,-8.684863523573206,-24.31761786600496,-36.47058823529412
INE0PS301014,266,13.207547169811317,49.433962264150956,-57.94392523364487
INE0PS301014,278,19.047619047619047,2.7210884353741527,-41.07142857142857
INE0PS301014,323,-13.192612137203163,-38.258575197889186,2.127659574468077
INE0PS301014,378,2.230483271375472,,5.128205128205132
INE0PSJ01011,241,14.02359108781126,,-60.31746031746032
INE0PSJ01011,243,21.410736579275902,,-58.87096774193547
INE0PTR01012,70,13.343637300360633,55.51262235960846,24.471299093655595
INE0PTR01012,73,16.374487131667294,50.36677856521201,46.209386281588436
INE0PTR01012,79,32.9183198796005,67.15008893145438,-11.748633879781423
INE0PTR01012,338,-6.182531894013743,-34.44553483807654,-88.5753478346071
INE0PTR01012,390,-0.5107526881720337,6.989247311827951,-49.74533106960951
INE0PTR01012,406,20.337046558126247,15.938303341902294,80.1762114537445
INE0PUC01020,44,4.7855100095328895,-24.499523355576734,17.903930131004376
INE0PUC01020,59,-21.644268774703555,-32.869565217391305,-34.63488843813387
INE0PUC01020,63,-23.96825396825396,-19.947089947089946,-55.944391179290506
INE0PUC01020,84,-3.3203125,22.5830078125,-13.058419243986252
INE0PUC01020,95,-5.786779434676159,7.277987981304257,-9.886240520043332
INE0PUC01020,200,-4.72859541130386,-11.919418019026295,-31.576470588235296
INE0PXD01014,340,-13.994169096209907,-30.903790087463555,-18.36734693877551
INE0PXD01014,377,-2.5751072961373467,,14.999999999999991
INE0PXD01014,396,10.550458715596323,,-4.347826086956519
INE0PZA01015,308,-7.414448669201523,-45.342205323193916,-71.56308851224105
INE0PZA01015,352,46.57210401891254,-28.132387706855788,-77.05479452054794
INE0PZA01015,362,4.077669902912628,-45.436893203883486,-84.4934527911785
INE0PZA01015,385,-22.77657266811279,-51.40997830802603,1731.111111111111
INE0Q1W01012,325,17.567567567567565,19.05405405405405,-84.23746161719549
INE0Q1W01012,334,42.39436619718309,20.281690140845086,-7.3732718894009235
INE0Q2Z01013,263,4.0000000000000036,7.317073170731714,19.444444444444443
INE0Q2Z01013,393,23.20441988950275,,-64.42307692307692
INE0Q2Z01013,407,,,-30.187459599224308
INE0Q2Z01013,413,,,-1.7199017199017175
INE0Q3401017,41,0.686787221977192,33.57696427446284,-63.132530120481924
INE0Q3401017,91,8.241082410824108,39.23739237392374,-58.82352941176471
INE0Q3401017,126,0.40605389442600615,-5.998523440383896,-31.46067415730337
INE0Q3401017,132,2.104300091491318,-1.8298261665141813,-61.496350364963504
INE0Q3J01015,413,-2.183441558441568,,-64.89862880661248
INE0Q5D01013,430,-0.8682230368512456,31.178853945591367,-4.791344667697062
INE0Q6901013,285,1.764705882352935,-35.29411764705882,-46.875
INE0Q9301021,61,6.84294638965568,0.7845416242917569,-20.07452237032039
INE0Q9301021,78,9.015001415227841,10.51514293801301,-24.430506280956642
INE0Q9601016,49,8.108108108108114,-2.8805120910383897,-9.016393442622949
INE0Q9601016,64,-13.720316622691298,11.270260082924977,0.9615384615384581
INE0Q9601016,69,-24.013157894736846,2.6315789473684292,-16.216216216216218
INE0Q9601016,74,-0.3984063745019917,21.792828685258957,4.210526315789465
INE0Q9601016,101,18.498023715415023,129.05138339920947,207.20000000000002
INE0Q9601016,105,24.772234273318873,159.6529284164859,152.17391304347828
INE0Q9601016,111,22.9903536977492,134.8472668810289,115.7068062827225
INE0Q9601016,151,16.976976976976978,28.08808808808807,-47.78761061946902
INE0Q9601016,170,4.222821203953275,1.8149146451033271,-57.377049180327866
INE0Q9601016,192,5.064822817631809,6.136560069144337,-12.765957446808507
INE0Q9601016,194,-4.939084622983203,9.91109647678632,-2.2727272727272707
INE0Q9601016,218,-12.926183382985768,18.421052631578938,175.0
INE0Q9601016,232,14.594998133631965,22.807017543859654,0.8086253369272267
INE0Q9601016,261,-16.32496155817529,-26.037929267042536,-53.97260273972603
INE0Q9601016,320,-10.876682429974526,-18.115678428519455,707.8189300411523
INE0Q9601016,335,-10.243055555555546,-15.412808641975307,243.75
INE0Q9Q01017,239,-38.10143042912875,-27.568270481144342,-55.5084745762712
INE0Q9Q01017,255,-15.094339622641506,9.090909090909104,179.04761904761904
INE0Q9Q01017,276,19.999999999999996,31.752577319587626,-59.384615384615394
INE0Q9Q01017,308,1.5706806282722585,43.106457242582906,77.77777777777777
INE0Q9Q01017,317,9.298531810766718,16.802610114192483,-12.173913043478258
INE0Q9Q01017,337,14.626865671641799,3.5820895522388208,59.405940594059416
INE0Q9Q01017,418,2.0440251572327206,-18.08176100628931,9.090909090909083
INE0Q9Q01017,430,-1.5243902439024404,-30.79268292682926,22.222222222222232
INE0Q9Q01017,435,-20.05813953488371,-25.872093023255815,25.974025974025984
INE0Q9W01015,142,-12.55714721121609,-32.94727217311796,25.96153846153846
INE0QA901010,261,59.522649780808564,61.95811008280565,26.530612244897966
INE0QA901010,272,40.937350549976095,,66.0493827160494
INE0QBD01018,30,-26.045400238948613,-37.57467144563918,-75.35816618911176
INE0QBD01018,75,-14.12154696132597,-35.027624309392266,54.16666666666667
INE0QBD01018,116,-47.57140258322722,-63.61651810078224,-75.64766839378238
INE0QBD01018,125,-60.67478912839738,-68.13495782567948,-62.903225806451616
INE0QBD01018,141,14.157706093189958,-19.354838709677423,92.0
INE0QBD01018,152,-6.914893617021278,23.30754352030948,-28.260869565217394
INE0QBD01018,170,-3.433476394849788,37.92918454935623,38.23529411764706
INE0QBD01018,253,,,19.047619047619047
INE0QD201012,22,47.527617043661216,75.90741714886902,-63.527397260273965
INE0QD201012,80,56.007911653205866,148.68963243777813,209.12778904665313
INE0QD201012,137,-1.3305187743875124,-14.002430755453199,-65.07220216606497
INE0QD201012,172,-6.973318055328203,50.41741692584709,-13.734392735527813
INE0QD201012,189,-0.7832585949177795,72.82511210762333,155.92105263157893
INE0QD201012,207,59.40738772256178,72.40898219505712,31.84892178129386
INE0QD201012,247,-1.0221595026507546,-49.07509821122087,-5.77213913627962
INE0QD201012,270,-30.23698322089604,-55.71700397855043,28.795811518324598
INE0QD201012,280,-13.323564528383802,-45.20785846087051,85.48834175770423
INE0QD201012,285,-16.74855401455315,-34.697431432303006,57.02997616957231
INE0QD201012,325,-7.301138871722435,-17.180188929107445,-63.73900049809065
INE0QD201012,370,-11.424514907714157,-5.64126833885471,-63.67938479739722
INE0QD201012,376,-18.23161189358372,-10.416666666666663,-50.851843864567606
INE0QD201012,390,17.24727505877326,-4.584312887369091,141.1644951140065
INE0QD201012,403,8.79899107489328,-16.676367869615827,92.29333333333334
INE0QD201012,407,-6.388118457546755,-31.43956338910263,28.480647024841122
INE0QD201012,418,-15.207534007673528,-44.34949424485525,-32.506272651240586
INE0QD201012,491,-32.963291888691536,-50.50325636471285,-25.641993957703924
INE0QD201012,509,-22.087645892975118,-6.364236952213176,108.92089967146829
INE0QD201012,529,-2.0067834934991535,17.863199547767096,-37.1355993709931
INE0QD201012,555,33.46028291621328,-37.649619151251365,-34.73073736536868
INE0QD201012,592,-37.350403562482605,,292.1331869740212
INE0QD201012,618,-7.466063348416285,,-50.602238911718864
INE0QFT01015,397,-15.993322203672788,-57.12854757929884,14.935064935064934
INE0QFT01015,510,-32.204286848372575,-32.6806033342154,-16.201117318435752
INE0QFT01015,553,31.614349775784746,,-13.4020618556701
INE0QFT01015,568,,,37.86213786213786
INE0QFT01015,578,,,-11.111111111111105
INE0QHG01026,156,-13.566616766467066,-24.607035928143716,-2.3192360163710735
INE0QHG01026,180,-7.752853207398658,-13.085399449035817,-13.790504898266764
INE0QHG01026,204,-6.864006864006866,-13.191763191763195,60.15164279696714
INE0QHG01026,217,10.307328605200961,-38.203309692671404,-33.037578288100214
INE0QHG01026,276,-21.555797891675756,-10.069065794256638,17.997943092218026
INE0QHG01026,303,-2.100161550888524,69.83037156704361,-36.48452108871806
INE0QHG01026,309,9.398496240601496,113.72180451127818,-21.33001583352183
INE0QHG01026,575,-6.828828828828826,-25.67567567567568,-19.195612431444243
INE0QHG01026,595,-4.157803132856319,,-38.62314156431803
INE0QI101019,127,32.63777421080791,19.850187265917608,-66.20689655172414
INE0QI101019,159,-14.38492063492064,-28.869047619047617,30.476190476190478
INE0QI101019,170,-8.732876712328775,-33.98972602739726,37.64705882352941
INE0QI101019,197,4.748087575837512,-37.16697441308363,32.456140350877185
INE0QI101019,199,-8.45250255362615,-33.14606741573034,-36.206896551724135
INE0QI101019,210,-20.963608405945678,-36.699128651973346,66.85393258426966
INE0QI101019,220,-17.204932472108048,-27.774515560775104,403.0927835051546
INE0QI101019,310,10.768203072812298,-12.264529058116224,-84.54545454545455
INE0QI101019,317,5.48311990686845,-25.94877764842841,-65.86345381526104
INE0QI101019,340,-25.54557124518614,-25.468549422336327,190.69767441860463
INE0QI101019,371,-5.598259608411893,-35.25743292240754,-54.03508771929825
INE0QI101019,376,-2.218798151001544,-37.91987673343606,-47.80701754385965
INE0QI101019,390,-17.370398196844473,-21.86326070623591,41.04477611940298
INE0QI101019,396,-27.119445319886548,-21.005357705641348,67.22689075630252
INE0QI101019,426,4.274487253210646,4.772857964347321,5.1219512195122
INE0QI101019,442,0.2405773857257376,-33.84121892542101,-66.66666666666667
INE0QI101019,482,-38.888888888888886,-40.74074074074075,46.34146341463414
INE0QI101019,484,-35.23233042549403,-45.86077977568097,12.765957446808507
INE0QI101019,491,4.610890882537033,-36.90799081994576,-40.69767441860465
INE0QI101019,493,3.5697940503432335,-23.729977116704816,-31.09756097560976
INE0QI101019,519,-18.947368421052634,,-3.0612244897959218
INE0QI101019,522,-18.346516968614434,,-4.395604395604391
INE0QI101019,534,-4.493365500603119,,-31.521739130434778
INE0QI101019,552,,,-31.372549019607842
INE0QMR01015,115,-27.61904761904762,-12.225913621262452,-66.66666666666667
INE0QMR01015,129,2.564102564102555,13.076923076923075,96.15384615384615
INE0QMR01015,131,26.503808773312308,14.00052534804308,178.57142857142856
INE0QMR01015,146,35.36312849162013,14.525139664804488,19.090909090909093
INE0QMR01015,158,-27.61904761904762,-27.61904761904762,-66.47727272727273
INE0QMR01015,164,-15.025106218617223,-30.475086906141367,-56.800000000000004
INE0QMR01015,167,-13.119026933101651,-1.1728931364031303,-58.778625954198475
INE0QMR01015,178,10.789473684210527,0.0,-18.644067796610166
INE0QMR01015,185,-17.46411483253588,0.4784688995215447,77.27272727272727
INE0QMR01015,190,0.23866348448686736,-4.534606205250591,25.86206896551724
INE0QMR01015,192,0.6548629638612802,-2.983264613145764,44.827586206896555
INE0QNI01012,174,-2.0105820105820182,1.3756613756613634,-14.754098360655743
INE0QNI01012,226,-4.550758459743298,-11.318553092182038,-48.64864864864865
INE0QNI01012,229,6.8639053254437865,-12.662721893491124,-43.05555555555556
INE0QNI01012,238,-7.411907654921013,-14.216281895504256,102.63157894736841
INE0QNI01012,253,0.5037783375314797,9.445843828715361,32.00000000000001
INE0QNI01012,289,8.130081300813007,,50.0
INE0QNI01012,307,,,52.5974025974026
INE0QNI01012,313,,,48.38709677419355
INE0QNI01012,317,,,14.28571428571428
INE0QOQ01013,75,-10.793276319669708,-18.87348864641697,-23.5655737704918
INE0QOQ01013,123,-9.123404255319144,-41.48085106382978,56.55737704918033
INE0QOQ01013,142,-12.798471824259794,-49.627507163323784,-72.0
INE0QOQ01013,204,21.816930488644193,11.286992429456323,-62.55144032921811
INE0QOQ01013,221,-16.689429117727393,-7.2930893198579705,-48.958333333333336
INE0QOQ01013,232,-8.767361111111116,-14.64120370370371,5.555555555555558
INE0QOQ01013,258,0.2589834898025112,-34.671414697313054,0.0
INE0QOQ01013,280,-32.20041019630824,-51.24523879285087,48.484848484848484
INE0QOQ01013,313,-20.318725099601597,-43.11642319610447,157.8125
INE0QOQ01013,331,-4.076738609112707,2.6978417266187105,-52.90697674418605
INE0QOQ01013,342,-8.674698795180735,26.506024096385538,0.0
INE0QOQ01013,355,-32.27247347850363,-20.43551088777219,-28.395061728395067
INE0QOQ01013,357,-34.172661870503596,-19.124700239808146,-24.13793103448276
INE0QOQ01013,382,75.73221757322177,,5.434782608695654
INE0QOQ01013,407,-36.5702479338843,,-6.3063063063063085
INE0QOQ01013,421,,,1.5873015873015817
INE0QR801013,146,7.207207207207222,1.8018018018018056,-39.15094339622641
INE0QR801013,148,16.088328075709768,4.416403785488976,-37.44075829383886
INE0QR801013,317,12.831858407079633,,-23.59550561797753
INE0QR801013,320,-4.330708661417315,,-48.0
INE0QRV01016,202,-8.94713059195662,43.47040216900135,88.90180127832656
INE0QRV01016,218,3.0195381882770933,85.61278863232683,-73.31520096705954
INE0QRV01016,225,24.640460210930005,110.01917545541708,-79.30348258706468
INE0QRV01016,301,-8.74657363568403,9.643658111138787,-20.357420357420352
INE0QSB01016,337,0.0923218956762506,-16.9102938913679,-53.61930294906166
INE0QSB01016,349,-25.026455026455018,-36.52116402116401,-67.02898550724638
INE0QSB01016,358,-5.663430420711979,,-78.69822485207101
INE0QSK01017,63,20.566448801742943,4.473493100944093,22.619047619047628
INE0QSK01017,69,3.00502882374587,-13.246657672022566,-44.42970822281167
INE0QSK01017,269,-24.967658473479947,-17.852522639068557,-65.42207792207793
INE0QSK01017,620,-7.785943959577402,,-42.995594713656395
INE0QTE01018,43,-12.844036697247708,-33.02752293577982,-7.9999999999999964
INE0QTE01018,111,-9.642857142857142,-7.857142857142851,3.100775193798455
INE0QUV01010,204,22.715572715572698,4.568854568854563,25.663716814159287
INE0QUV01010,221,4.530294608115626,2.973874374652574,8.333333333333325
INE0QUV01010,268,18.644067796610166,74.7175141242938,-12.16216216216216
INE0QUV01010,283,68.03874092009687,44.74038202851762,338.7096774193548
INE0QUV01010,302,-0.2510591558135711,-8.91260003138239,-65.29126213592234
INE0QUV01010,328,-20.93775262732417,31.689571544058204,-28.65853658536586
INE0QUV01010,371,22.613065326633162,28.21249102656138,-38.91797556719022
INE0QUV01010,375,11.125637338214144,9.295332723231798,-53.463855421686745
INE0QUV01010,432,-10.877513711151742,-13.391224862888485,-46.26865671641791
INE0QUV01010,435,-5.430622009569374,-10.299043062200964,-36.86868686868687
INE0QW501012,207,3.408071748878916,0.0,21.923076923076934
INE0QXL01015,91,2.3255813953488413,-16.010733452593907,-29.551451187335086
INE0QXL01015,138,-3.8461538461538547,12.330316742081449,77.11864406779661
INE0QXL01015,145,-3.0845771144278555,-10.447761194029848,0.6172839506172867
INE0QXL01015,152,6.4060803474484285,-1.9543973941368087,-19.946808510638302
INE0QXL01015,439,-9.555189456342672,,-7.272727272727275
INE0QXL01015,443,-12.521739130434783,,-37.5
INE0QXL01015,476,,,38.43888070692194
INE0QXT01018,18,18.062772812305127,15.152774890875076,-83.42776203966005
INE0QXT01018,24,-2.331044452475617,-2.4033249006143897,-71.12860892388451
INE0QXT01018,400,-58.51711026615969,-64.29657794676807,-24.656005950167348
INE0QZ901011,149,-0.7580978635423841,-30.806340454858727,-24.561403508771928
INE0QZ901011,209,,,-10.256410256410254
INE0QZR01017,110,-25.22573363431151,,2.84237726098191
INE0R0201012,26,-31.54729360306179,-54.565336249316566,-93.64927091327705
INE0R0201012,55,-1.3363028953229383,-9.799554565701552,-11.820083682008365
INE0R0201012,67,-12.625250501001995,-19.238476953907824,-57.59888965995836
INE0R1601012,259,-8.248786943096597,0.7940008822232114,-42.94871794871795
INE0R1601012,270,-20.64708386547467,-0.1702852277564948,-9.433962264150942
INE0R1601012,545,-22.580645161290324,-35.483870967741936,211.5440115440115
INE0R1601012,566,-0.3968253968253954,-32.14285714285714,-1.3432144511347888
INE0R3101011,75,10.39426523297491,-14.456391875746721,-44.5193929173693
INE0R3101011,95,-9.956709956709965,-53.78787878787878,-67.4772036474164
INE0R3101011,116,-19.693396226415093,-29.71698113207547,159.45945945945948
INE0R3101011,158,20.486815415821514,-8.722109533468558,-54.871794871794876
INE0R3101011,162,25.917431192660544,2.752293577981635,-60.36414565826331
INE0R3101011,168,17.09006928406467,-1.6166281755196188,-76.89463955637707
INE0R3101011,180,-10.157618213660257,-22.06654991243433,-80.42813455657493
INE0R3101011,206,-5.895196506550205,29.694323144104807,173.25581395348837
INE0R3101011,281,-7.234042553191489,-12.553191489361703,-0.9009009009009028
INE0R3101011,307,-1.1494252873563204,-18.620689655172416,-14.563106796116509
INE0R3101011,310,-3.4482758620689613,-27.126436781609197,-14.28571428571429
INE0R3101011,398,11.149825783972123,-16.376306620209057,-43.89140271493213
INE0R3101011,421,-18.75,,39.6039603960396
INE0R3101011,424,-13.26860841423948,,78.48101265822784
INE0R3501012,157,54.41278665740097,44.8227936066713,109.55414012738855
INE0R3501012,201,6.497552291944819,-43.03515798842902,-34.26294820717132
INE0R3501012,228,-16.58676893576222,-48.22627037392137,-46.42857142857143
INE0R3501012,250,-15.943962641761178,-20.213475650433633,62.35294117647059
INE0R3501012,269,-8.333333333333337,-34.66666666666666,44.285714285714285
INE0R3501012,305,-20.448877805486276,-45.63591022443889,-1.8867924528301883
INE0R3501012,314,-27.878289473684205,-43.749999999999986,15.384615384615374
INE0R3501012,328,-7.515151515151519,-18.424242424242433,98.78048780487805
INE0R3501012,341,-8.745247148288982,-19.898605830164772,-54.7486033519553
INE0R3501012,352,7.5177304964539005,-5.6737588652482245,-5.000000000000004
INE0R3501012,376,5.485232067510548,-19.690576652601965,10.526315789473696
INE0R3501012,405,-15.593705293276116,-21.31616595135909,54.761904761904766
INE0R3501012,422,13.518197573656842,-20.277296360485273,-10.95890410958904
INE0R3501012,434,21.70686456400741,1.6697588126159513,-46.58119658119658
INE0R3501012,436,9.281961471103317,-13.309982486865145,-49.78540772532188
INE0R3501012,446,-17.787742899850535,-4.185351270553084,-24.74747474747475
INE0R3501012,460,-22.807017543859654,-1.7543859649122862,108.92857142857144
INE0R3501012,511,-9.682539682539682,-24.444444444444446,-53.813559322033896
INE0R3501012,525,-7.719928186714553,,21.42857142857142
INE0R3501012,566,,,114.4249512670565
INE0R3501012,572,,,40.8450704225352
INE0R3T01013,214,26.754385964912263,21.92982456140351,-73.00613496932516
INE0R3T01013,222,4.472271914132375,10.375670840787121,-82.48407643312102
INE0R3T01013,240,0.5607476635513864,-1.869158878504673,-3.703703703703709
INE0R3T01013,247,-3.2258064516129115,0.0,0.0
INE0R3T01013,321,-15.919282511210763,-8.29596412556054,43.58974358974359
INE0R3T01013,367,-16.511627906976745,,-16.483516483516482
INE0R3T01013,387,14.206128133704743,,14.473684210526304
INE0R4W01015,192,-9.983633387888712,45.70960953939676,-53.02013422818792
INE0R4W01015,200,0.5401424011785005,53.59685735330224,-72.04968944099379
INE0R4W01015,224,15.480093676814977,54.56674473067915,-20.3125
INE0R4W01015,232,33.87755102040817,42.85714285714286,-5.333333333333334
INE0R4W01015,251,6.274069319640563,0.28883183568677584,206.77966101694915
INE0R4W01015,258,-2.8822055137844638,-9.147869674185472,158.22784810126583
INE0R4W01015,265,2.7077497665732864,-6.629318394024287,-54.49999999999999
INE0R4W01015,267,8.320251177394034,-5.80847723704867,-43.00000000000001
INE0R4Z01018,119,1.379310344827589,30.620689655172416,-15.131578947368418
INE0R4Z01018,122,-6.649616368286448,11.189258312020467,-21.212121212121215
INE0R4Z01018,132,2.8949024543738267,4.531151667715538,-14.792899408284022
INE0R6801013,13,-12.728249194414598,-22.234156820622974,-53.27546955036995
INE0R6801013,80,55.524419535628496,25.76728049105952,126.84563758389262
INE0R6801013,91,45.60408394781621,3.2331253545093475,90.65420560747664
INE0R6801013,106,-16.92566148677026,-25.728685426291477,-70.94682230869
INE0R6801013,115,-24.3562684677079,-36.682144364710844,-77.80748663101605
INE0R6801013,132,-1.199563794983649,-26.935659760087237,84.21052631578947
INE0R6801013,174,-10.097719869706845,-21.798045602605864,-45.08196721311475
INE0R6801013,176,-5.964912280701751,-19.04561403508772,-41.22807017543859
INE0R6801013,180,-12.322964923891465,-19.166115155526143,-38.095238095238095
INE0R6801013,216,6.814814814814807,-22.685185185185187,-52.820512820512825
INE0R6801013,218,-4.581467447468146,-20.7716155700999,-57.00483091787439
INE0R6801013,227,-13.169319826338633,-44.717800289435594,-53.93258426966292
INE0R6801013,243,-12.459016393442635,-31.406384814495258,211.11111111111111
INE0R6801013,267,-23.030425146081,-17.388676203908926,-48.014440433213004
INE0R6801013,278,-13.043478260869568,-15.217391304347828,-55.98086124401913
INE0R7301013,124,-5.695039804041646,-44.45805266380894,29.961089494163428
INE0R7301013,214,7.460732984293172,-11.452879581151832,-63.86138613861386
INE0R7301013,216,7.778532608695654,-10.054347826086952,-68.5785536159601
INE0R7301013,227,-12.321380425990835,-27.47371259099487,-79.40199335548172
INE0R7301013,251,-3.721406623420953,-12.564015022191855,343.55828220858893
INE0R7D01018,195,-10.536779324055667,-27.435387673956267,-47.11538461538461
INE0R7D01018,201,-11.032028469750898,-37.43772241992883,-55.45454545454545
INE0R7D01018,231,1.1957484499557358,-29.140832595217002,-34.48275862068966
INE0R7D01018,237,-15.61181434599156,-19.113924050632903,54.90196078431373
INE0R7D01018,260,-10.571428571428566,19.428571428571416,0.0
INE0R7D01018,273,-7.549361207897787,-5.632984901277583,-50.0
INE0R7D01018,302,-3.0333167578319165,-19.194430631526604,2.4691358024691468
INE0R7D01018,321,-18.731117824773413,,-51.11111111111111
INE0R7D01018,338,12.397820163487738,,4.651162790697683
INE0R7D01018,343,5.312868949232574,,9.090909090909083
INE0R7D01018,345,15.97523219814243,,2.1739130434782705
INE0R8C01018,152,-6.384373361300466,13.555322496067124,-8.849045691150959
INE0R8C01018,177,16.872493985565363,57.25741780272655,-48.51183501288961
INE0R8C01018,198,12.944025834230356,30.355220667384273,5.735377626348659
INE0RCG01017,44,-4.716117216117222,4.716117216117199,-2.8391167192429068
INE0RCG01017,54,30.523489932885894,62.496644295302,53.649635036496356
INE0RCG01017,70,26.503608660785893,42.64234161988774,42.26682408500591
INE0RCG01017,94,17.71684169583818,4.142357059509916,-25.9517076354144
INE0RCG01017,113,30.112749349522993,-3.642671292281008,85.52315608919383
INE0RCG01017,127,-16.680555555555554,-24.84722222222222,-74.64763281532345
INE0RCG01017,157,-15.456598902871887,-0.5324298160696905,-11.111111111111116
INE0RCG01017,159,-14.187418086500658,0.5406290956749826,-45.134302069572875
INE0RCG01017,287,-14.921465968586379,18.23734729493893,153.1960996749729
INE0RCG01017,289,-7.268571428571436,28.86857142857142,156.48050579557432
INE0RCG01017,305,30.52519328179153,81.33830978405759,-28.04068996019461
INE0RCG01017,312,14.730483271375473,57.15613382899629,9.505037231712654
INE0RCG01017,379,0.1159420289855051,-31.55072463768116,-12.351190476190476
INE0RCG01017,406,-19.977740678909306,-34.01966240029679,834.3058350100604
INE0RCG01017,435,-24.811877160870456,-41.38702460850112,12.56814921090388
INE0RCG01017,580,-24.542284219703582,-29.163034001743682,68.77637130801688
INE0RCG01017,611,-5.815831987075926,,-50.0
INE0RDR01012,302,-3.6167756829549758,-17.756829549826847,-24.745269286754002
INE0RDR01012,367,-11.426040744021249,-13.640389725420722,-23.936170212765962
INE0RDR01012,375,-9.522619345163697,-11.247188202949266,-13.714285714285712
INE0RFP01011,25,-19.961501443695862,-11.491819056785369,-58.4668687743612
INE0RFP01011,59,12.31609920134511,20.358694129185917,16.17081850533808
INE0RFP01011,67,26.687198714515283,26.20514193893948,37.57406761937958
INE0RFP01011,105,-9.073359073359077,-8.280837228205652,20.265724857046763
INE0RGM01016,226,2.2382595962765484,-11.09716556845518,-74.00881057268722
INE0RGM01016,234,0.7092887679751358,-16.439953361834437,-73.11827956989248
INE0RGM01016,316,20.4225352112676,-12.732394366197186,301.0
INE0RGM01016,471,-19.189991518235793,-19.74130619168786,-35.019455252918284
INE0RIQ01013,73,-4.676045175351684,-23.954824648305916,388.92045454545456
INE0RIQ01013,108,0.4759386567953383,-39.714436805922794,-70.03610108303249
INE0RIQ01013,112,4.894179894179884,-50.82010582010582,-65.21739130434783
INE0RIQ01013,114,-5.398712233779102,-58.420009905894,-63.11475409836065
INE0RIQ01013,121,-10.927239296033608,-45.88915156291043,-17.14285714285714
INE0RIQ01013,162,-24.392068836513282,-36.36363636363637,201.36986301369865
INE0RIQ01013,168,-14.938596491228074,-14.035087719298245,156.7901234567901
INE0RIQ01013,186,11.759249716582488,-12.913531897351337,-72.6027397260274
INE0RIQ01013,199,1.8908642482786897,24.85869900318569,-51.61290322580645
INE0RIQ01013,207,-12.611979624099767,3.0476023186369217,26.66666666666666
INE0RIQ01013,214,-26.484375000000004,-21.328124999999996,55.769230769230774
INE0RIQ01013,219,-11.24558749369643,-2.9248613212304653,84.44444444444446
INE0RIQ01013,234,7.332624867162596,3.985122210414449,-29.629629629629626
INE0RIQ01013,257,-8.50085639592536,-4.444244117912199,53.73134328358209
INE0RIQ01013,264,-24.974467750805253,-28.23473957105822,-17.708333333333336
INE0RIQ01013,267,-17.32719679536351,-32.498082331884426,-20.79207920792079
INE0RIQ01013,269,-19.469107551487408,-23.11212814645309,-3.2258064516129004
INE0RIQ01013,283,9.267563527653234,12.506228201295478,9.876543209876543
INE0RIQ01013,298,4.231166150670784,-4.643962848297212,-19.999999999999996
INE0RIQ01013,310,-20.21606387975575,-32.36261155472053,-32.94117647058824
INE0RIQ01013,312,-13.324074074074076,-4.629629629629628,-32.53012048192772
INE0RIQ01013,336,-16.943521594684384,,-18.461538461538463
INE0RIQ01013,349,-14.370078740157478,,-5.970149253731338
INE0RIQ01013,351,-10.926980838943546,,3.1746031746031855
INE0RMF01018,89,-26.767317939609235,-22.291296625222024,-80.77166350411133
INE0RMF01018,113,0.46337157987643707,21.535745807590455,4.014598540145986
INE0RMF01018,128,-2.930016863406404,20.151770657672863,-40.02525252525253
INE0RMF01018,144,29.01023890784984,48.35039817974971,161.2403100775194
INE0RMF01018,154,22.177954847277558,100.95174856131028,73.89014296463507
INE0RMF01018,226,1.0448728333063428,30.179815324801563,-77.3365511189118
INE0RMF01018,232,11.394541873769114,48.391634624402144,-67.84188034188034
INE0RMF01018,261,8.392189447444952,-16.5351059410054,-7.4950690335305765
INE0RMF01018,328,7.762052189296775,24.192835028748362,-5.7419354838709635
INE0RMR01013,98,-18.836689038031317,-4.832214765100684,15.094339622641506
INE0RMR01013,100,-23.346473937801136,-7.796758650897928,22.222222222222232
INE0RMR01013,111,-8.000000000000007,6.760563380281681,33.87096774193547
INE0RMR01013,206,-14.887307236061687,-22.775800711743777,-19.318181818181824
INE0RMR01013,222,-10.901467505241092,11.809923130677834,43.47826086956521
INE0RMR01013,224,-6.814921090387371,7.101865136298424,46.376811594202906
INE0RNZ01014,288,-4.036117381489845,21.896162528216713,130.60109289617486
INE0RNZ01014,300,32.14285714285714,31.224489795918366,-51.78571428571428
INE0RNZ01014,324,1.6304347826086918,-12.207357859531765,12.244897959183664
INE0RNZ01014,352,0.4248744689069328,0.4248744689069328,-66.82692307692308
INE0RNZ01014,381,-4.8034934497816595,3.100436681222707,12.87878787878789
INE0RPM01017,161,1.7013232514177856,10.333963453056082,-84.10689170182842
INE0RPM01017,171,-9.731182795698922,-6.39784946236559,-79.42754919499106
INE0RPM01017,206,6.742243436754181,-22.553699284009532,25.510204081632647
INE0RPM01017,221,-16.162193032552818,-27.926898914905763,227.53623188405797
INE0RPM01017,238,15.119760479041933,13.772455089820369,91.66666666666667
INE0RPM01017,347,0.0,-5.741626794258369,16.129032258064523
INE0RPM01017,368,-19.095477386934657,-19.974874371859286,217.989417989418
INE0RPM01017,412,1.6417910447761086,,-17.96116504854369
INE0RPM01017,426,35.09060955518946,,37.2093023255814
INE0RPM01017,433,48.37712519319937,,-25.74850299401198
INE0RPM01017,438,9.195402298850585,,19.14893617021276
INE0RPM01017,445,,,-22.651933701657455
INE0RPM01017,448,,,15.702479338842966
INE0RPM01017,451,,,54.0
INE0RPM01017,458,,,-16.666666666666664
INE0RRU01016,207,23.651079136690644,27.83273381294964,-79.51570680628272
INE0RRU01016,216,5.525550477773167,25.63356875778977,-87.50887154009936
INE0RRU01016,244,0.435949027498328,-4.828973843058337,15.481171548117146
INE0RRU01016,251,-17.26105563480742,-18.915834522111275,455.23809523809524
INE0RRU01016,502,-11.065149948293696,,-41.55691187493308
INE0RRU01016,511,-11.873638344226567,,-80.62697123196024
INE0RUJ01013,30,-15.31130876747141,-27.721304531977975,-70.26394210302256
INE0RUJ01013,183,11.260356515189551,-13.896560381621882,-61.45748987854252
INE0RUJ01013,190,10.994962216624682,-10.869017632241828,-79.15632754342433
INE0RUJ01013,218,-1.8569463548830933,-3.425034387895476,73.19148936170212
INE0RUJ01013,437,19.241192411924125,5.691056910569103,-53.93258426966292
INE0RUV01018,59,-6.422018348623848,13.287629801391287,53.324889170360976
INE0RUV01018,78,-10.387826270738664,21.842967346507457,-23.031135531135526
INE0RUV01018,125,0.16957775139900821,-33.54247922672546,-30.084878968877714
INE0RUV01018,163,-13.73399014778325,3.4876847290640445,-37.092954410894016
INE0RUV01018,375,6.379453189726614,-0.09559620164425464,-59.111559818273605
INE0RUV01018,446,23.136044541273293,54.15758896151053,59.64635301547205
INE0RUY01012,19,-3.6391594054331122,-14.505381855458744,-70.58653846153847
INE0RUY01012,114,13.07596513075966,,-52.56410256410257
INE0RUY01012,123,1.2813370473537589,,2.564102564102555
INE0RUY01012,134,-2.643171806167399,,64.86486486486487
INE0RUY01012,136,-4.741379310344818,,80.0
INE0RVQ01016,119,-2.384737678855331,30.44515103338632,190.9090909090909
INE0RVQ01016,125,28.822495606326882,31.458699472759232,149.50980392156862
INE0RVQ01016,131,27.05223880597014,41.13805970149254,-55.907172995780584
INE0RVQ01016,144,25.531914893617014,13.475177304964546,-63.372093023255815
INE0RXB01022,454,-11.786372007366486,,133.4140435835351
INE0RYC01010,79,-3.4824572844658896,98.35659319160037,-33.52490581506253
INE0RYC01010,102,50.390275111964165,151.61868202175302,460.8771258206325
INE0RYC01010,184,-41.60865057028589,-39.30973189157162,-87.19028087968177
INE0RYC01010,207,12.905982905982928,-31.185897435897438,-39.02180620461798
INE0RYC01010,230,-20.40791302215319,-58.117387394751894,-17.05860398773765
INE0RYC01010,233,-27.76592029182351,-54.73631107144244,8.212657323814131
INE0RYC01010,251,-30.913513513513514,-13.670270270270269,73.87095748118855
INE0RYC01010,263,-20.76356329537844,10.776959142665765,133.78671866540253
INE0RYC01010,267,-15.145163794441851,40.614811364694916,127.35256731190523
INE0RYC01010,384,,,-85.59530675001868
INE0S0I01011,164,-15.549676660787782,-24.89711934156379,44.13793103448276
INE0S0I01011,173,-8.38574423480084,-19.73644803833483,143.23308270676694
INE0S0I01011,283,-8.084772370486649,-21.507064364207217,27.380952380952372
INE0S0I01011,306,-12.784090909090917,-18.060064935064936,-36.0
INE0S0I01011,326,-11.074918566775239,-33.69008841321545,27.083333333333325
INE0S1B01014,15,-13.713405238828958,75.29532614278378,-57.21605465414176
INE0S1B01014,17,-9.13949759486905,101.09567076429715,-83.12134977287475
INE0S1B01014,64,32.20841832004451,,-68.40354767184036
INE0S1B01014,86,-13.408292340126494,,-68.66666666666667
INE0S1D01010,168,-13.808065339458908,-3.215926493108734,-75.37128712871286
INE0S1D01010,175,-10.217669654289363,-10.371318822023046,-47.945205479452056
INE0S1D01010,184,-9.348441926345608,-8.21529745042493,21.199999999999996
INE0S1D01010,187,-10.04062681369705,-9.19907138711551,18.32669322709164
INE0S1D01010,202,3.3344230140568865,-13.762667538411232,-42.1875
INE0S1D01010,229,-24.35768261964735,-51.13350125944584,117.64705882352939
INE0S1D01010,419,42.25569718037854,,39.79107312440646
INE0S1L01013,209,7.710715235309751,2.1005051847912792,-83.9214113873296
INE0S1L01013,217,13.516260162601611,0.6097560975609762,-84.5296477931342
INE0S1L01013,244,-1.3819394805813734,0.42887776983560055,281.4713896457766
INE0S3H01017,58,-9.900426742532009,-23.20056899004268,-49.2498369210698
INE0S3H01017,178,-6.570126039152591,-13.837489943684622,-54.46927374301676
INE0S3H01017,426,-8.12231247013856,-18.107978977544192,-48.36400817995909
INE0S6R01027,98,-5.24995820096974,-41.48135763250293,61.78343949044587
INE0S6R01027,180,37.61124121779857,7.400468384074932,-36.378466557911906
INE0S6R01027,190,14.336917562724016,-2.8275587415372394,-88.10810810810811
INE0S6R01027,252,-17.27078891257996,-24.98933901918976,104.0268456375839
INE0S6R01027,285,-0.21063717746181432,-20.221169036334906,-48.92787524366472
INE0S6R01027,357,-1.449275362318847,41.30434782608694,68.39999999999999
INE0S6R01027,359,9.624060150375936,61.503759398496236,61.26760563380282
INE0S6R01027,407,71.91666666666666,34.999999999999986,-4.417670682730924
INE0S6S01017,155,-1.631321370309946,46.41109298531811,92.75362318840578
INE0S6S01017,158,16.968421052631587,50.90526315789472,175.0
INE0S6S01017,176,14.92890995260665,63.112164296998415,52.27272727272727
INE0S6S01017,246,-24.71517824329291,-16.611539875045946,46.875
INE0S6S01017,406,16.275071633237825,83.45272206303724,39.99999999999999
INE0S7E01015,177,10.997095837366878,45.11132623426912,-6.3973063973064015
INE0S7E01015,298,-13.771848349235826,-17.022713839398797,101.17252931323284
INE0S9101013,120,-13.50046425255339,-68.7836583101207,-67.0391061452514
INE0S9101013,133,-31.904666533146408,-72.98217504506309,309.99999999999994
INE0S9101013,145,-22.544951590594742,-62.3789764868603,42.10526315789473
INE0S9101013,183,-6.455862977602111,-42.819499341238476,-26.80412371134021
INE0S9101013,190,5.042016806722671,-41.176470588235304,-16.867469879518072
INE0S9101013,246,-8.34403080872914,,-10.769230769230765
INE0SA001017,128,-18.738049713193107,-21.136798192247518,-86.21140763997907
INE0SA001017,180,-5.752032520325201,3.2113821138211485,-45.52896725440806
INE0SBP01018,148,-8.89584264640142,1.0281627179258068,-16.613418530351442
INE0SBP01018,156,-2.4873330262551896,3.1782588668816336,-44.53551912568307
INE0SCO01019,118,-12.292909211398284,-16.998011928429424,-70.3770197486535
INE0SCO01019,156,25.089422585590192,50.74092999489015,7.281553398058249
INE0SCO01019,234,0.9598293636686739,77.31958762886597,-19.999999999999996
INE0SCO01019,327,-8.659407961891796,-8.676420551207897,-4.086181277860323
INE0SCO01019,379,2.3881095524382223,47.69539078156313,-57.03479576399395
INE0SCO01019,396,-0.2853785462481162,75.25600134295784,112.02435312024352
INE0SDC01012,230,4.561750525404862,7.8748918284089475,-78.35748792270532
INE0SDC01012,238,1.816384529840609,15.606079327814149,-76.58823529411765
INE0SDC01012,248,-1.1346176574872913,21.344994681479722,74.17582417582418
INE0SDC01012,283,8.843537414965974,60.49886621315193,-49.404761904761905
INE0SDC01012,290,28.810451524180603,73.12628925051567,-20.168067226890752
INE0SDC01012,296,3.700469381071936,74.16220936578976,58.07560137457044
INE0SDC01012,300,-3.55727102023784,67.69246818276653,146.79802955665028
INE0SDC01012,310,-13.567615658362985,31.450177935943046,6.842105263157894
INE0SFW01015,57,-4.7554714941907665,-10.834909483923273,-75.40192926045016
INE0SFW01015,60,-12.5840807174888,-3.054932735426019,-54.7975352112676
INE0SFW01015,140,-0.17271157167528806,9.700633275762826,38.438133874239355
INE0SFZ01018,59,-11.69049621530699,-19.47014297729185,90.3225806451613
INE0SG001011,34,-7.70264218540081,-32.82579489476042,-84.81751824817519
INE0SG001011,55,-1.269035532994922,-53.81725888324873,4.040404040404044
INE0SG001011,71,-16.47761194029851,-45.77114427860697,-3.0927835051546393
INE0SG001011,96,-31.927023945267962,-27.309007981755983,42.10526315789473
INE0SG001011,102,1.6883573689764342,-14.896236370031657,127.2727272727273
INE0SG001011,127,4.91864596970264,-45.76397980175799,-60.7843137254902
INE0SG001011,139,-7.460408319023082,-36.55790879603129,-39.726027397260275
INE0SG001011,148,-27.036001398112543,-45.456134218804614,-41.666666666666664
INE0SG001011,161,-21.674983727489693,-39.726621826860494,71.42857142857142
INE0SG001011,202,-14.655172413793094,-36.75287356321838,-44.02332361516035
INE0SG001011,247,-4.5112781954887105,32.88220551378447,21.969696969696972
INE0SG001011,267,-13.700787401574798,0.47244094488188004,-1.552795031055898
INE0SG001011,283,46.62203286670725,-39.62264150943396,-22.349570200573066
INE0SG001011,300,-19.968491532099254,-68.49153209925167,-34.166666666666664
INE0SG001011,350,-5.434782608695654,,-46.98795180722891
INE0SGR01013,322,-10.941475826972013,-15.055131467345205,-82.75261324041811
INE0SH001010,118,0.7003317360855021,-36.601548101732405,-49.61389961389961
INE0SH001010,123,-13.27171903881701,-34.4547134935305,-44.32773109243697
INE0SH001010,125,-21.380846325167024,-37.89903489235337,-16.935483870967737
INE0SH001010,128,-14.55130496961029,-36.36038612799428,0.31055900621117516
INE0SH001010,145,-13.125590179414548,-1.6525023607176559,11.003236245954696
INE0SH001010,163,-9.770992366412212,24.122137404580158,70.45454545454545
INE0SH001010,165,-9.076086956521735,32.6086956521739,101.45772594752187
INE0SH001010,249,12.894299944659672,10.127282789153291,3.386960203217604
INE0SH001010,284,1.6612943218447862,-0.1983635011157947,-16.666666666666664
INE0SHE01019,67,-29.39226519337017,-22.76243093922651,-77.40112994350282
INE0SHE01019,90,-0.8264462809917328,-4.1322314049586755,350.7246376811594
INE0SHE01019,118,-6.294706723891286,-6.151645207439216,-14.47811447811448
INE0SHE01019,157,-14.24657534246575,-24.52054794520547,-28.65168539325843
INE0SHE01019,177,8.146964856230031,-27.635782747603844,180.31496062992125
INE0SHE01019,195,-14.874815905743755,-53.60824742268042,-72.36467236467237
INE0SHE01019,216,-13.611615245009078,-41.923774954627945,-12.037037037037035
INE0SHE01019,220,-25.384615384615394,-42.307692307692314,15.294117647058814
INE0SHE01019,225,-32.05128205128205,-45.23809523809524,-29.357798165137616
INE0SHE01019,237,-35.7615894039735,-44.81236203090507,-34.02061855670103
INE0SHE01019,258,9.747292418772568,13.718411552346566,-7.936507936507942
INE0SHE01019,273,-15.488215488215484,29.29292929292928,20.967741935483875
INE0SHE01019,288,0.7751937984496138,,376.78571428571433
INE0SHE01019,299,33.60323886639676,,89.13043478260869
INE0SHE01019,319,,,-67.54563894523326
INE0SK201011,68,-16.73514538558787,20.62262958280656,-7.14285714285714
INE0SK201011,78,-17.908262849707224,0.8458035133376729,-15.116279069767447
INE0SK201011,87,23.590356644749953,13.568439928272568,61.44578313253013
INE0SK201011,248,0.021838829438736163,,-33.82352941176471
INE0SMA01017,74,-9.99710228919154,54.73775717183425,-7.878787878787874
INE0SMA01017,124,48.39034205231387,61.09154929577465,54.70430107526882
INE0SMA01017,144,48.38983050847459,-17.288135593220343,-70.80799304952215
INE0SMA01017,185,-23.746918652424,-13.01561216105177,-8.955223880597018
INE0SMA01017,203,12.39228559704555,3.467377923676662,-49.22279792746114
INE0SMA01017,218,-6.570657065706575,12.529252925292544,-47.78761061946902
INE0SMA01017,225,-3.341855368882407,15.06574141709276,44.329896907216494
INE0SMA01017,398,-2.3058574078982264,-8.984892658362053,162.7450980392157
INE0SMA01017,403,8.154884130243477,-3.1974185978292713,115.73033707865167
INE0SMR01011,45,-32.21153846153846,-40.43269230769231,-43.29758713136729
INE0SMR01011,61,-17.651098901098894,-16.208791208791208,10.663983903420515
INE0SMR01011,393,1.1639676113360364,,-29.123328380386326
INE0SMR01011,406,-14.28571428571429,,-73.7272155876807
INE0SMU01015,120,1.8372703412073532,4.986876640419946,49.193548387096776
INE0SMU01015,122,5.263157894736836,5.805751492132383,51.21951219512195
INE0SMU01015,127,-14.375332270069109,20.680489101541745,71.875
INE0SMX01019,71,5.318761384335158,,-14.347512617159342
INE0SMY01017,101,0.4964674431926497,-10.845904143593676,60.16646848989298
INE0SMY01017,113,-28.074717958202346,-30.774921398187537,59.66608084358525
INE0SMY01017,125,12.488393686165278,1.1374187558031545,143.342981186686
INE0SMY01017,421,-1.7770597738287486,-6.838987614431868,-41.47487083137623
INE0SMY01017,424,-5.034084950183537,,-61.09660574412532
INE0SQH01013,126,2.208201892744488,29.96845425867509,-66.20689655172414
INE0SQH01013,136,0.917431192660545,13.761467889908264,-82.02531645569621
INE0SQH01013,413,61.2862547288777,,61.77685950413223
INE0SQH01013,427,94.87632508833921,,79.66101694915255
INE0SQH01013,441,,,48.583810555641534
INE0SQY01018,24,-8.373904576436232,52.872444011684514,-89.8082191780822
INE0SQY01018,51,25.922818791946312,54.78187919463087,196.86098654708522
INE0SQY01018,71,11.925383077948037,51.56562291805464,-73.26283987915407
INE0SQY01018,101,12.837432513497316,51.40971805638874,9.004739336492884
INE0SQY01018,107,16.307352128247654,39.80099502487562,-23.958333333333336
INE0SQY01018,116,26.863270777479897,35.388739946380696,-67.5925925925926
INE0SQY01018,157,-8.668388048690534,-2.6189597934341613,-14.800000000000002
INE0SQY01018,163,2.2268041237113456,17.93814432989691,-30.03663003663004
INE0SQY01018,212,18.181818181818187,46.81818181818183,59.12162162162162
INE0SQY01018,222,10.556348074179756,59.41512125534951,109.93788819875778
INE0SQY01018,273,13.711105489501652,8.348090058183665,75.68627450980392
INE0SQY01018,296,5.834495583449573,-3.1380753138075312,-34.82328482328483
INE0SQY01018,532,,,-84.7005884389062
INE0SRI01019,76,-6.342132327733974,-40.34967432293451,-62.19081272084806
INE0SRI01019,151,-6.270200387847435,-3.296703296703296,21.875
INE0SRI01019,163,-1.9596199524940738,-30.522565320665084,-37.03703703703704
INE0SRI01019,166,-0.12360939431398377,-24.35105067985167,-40.243902439024396
INE0SRI01019,175,-9.360269360269369,-23.5016835016835,-42.666666666666664
INE0SRI01019,181,-18.387909319899254,-25.56675062972292,5.35714285714286
INE0SRI01019,193,1.7950635751682986,-28.19745699326851,63.26530612244898
INE0SRI01019,203,-18.067226890756306,-13.165266106442585,-13.846153846153841
INE0SRI01019,242,-0.4834810636583309,-33.601933924254624,-56.41025641025641
INE0SRI01019,261,-38.8663967611336,,94.11764705882352
INE0SRI01019,274,3.6998972250770867,,336.3636363636363
INE0SRI01019,296,-29.894736842105274,,-71.82320441988949
INE0SRI01019,303,,,-46.64371772805508
INE0SRI01019,305,,,-64.81481481481481
INE0SRI01019,315,,,-41.17647058823529
INE0STN01015,127,6.307977736549186,-34.07544836116264,-14.72868217054264
INE0STN01015,222,23.98052343274497,7.364576993304928,138.0
INE0STN01015,276,-9.183673469387765,14.45578231292517,-15.116279069767447
INE0STN01015,298,0.22650056625141968,50.67950169875426,70.83333333333333
INE0STN01015,307,12.72727272727272,48.30303030303029,-5.000000000000004
INE0STN01015,311,7.484865162355536,19.64777105118327,-12.605042016806722
INE0STN01015,348,-5.4109031733116435,49.837266069975584,33.33333333333333
INE0STN01015,358,-0.8643367155204862,60.46599022923711,-39.26701570680628
INE0STN01015,410,28.721804511278194,,-10.1123595505618
INE0SUN01013,21,-5.161854768153984,-13.525809273840771,-57.73269264993771
INE0SUN01013,66,1.7964071856287456,-26.78642714570858,-53.05555555555556
INE0SUN01013,91,-11.041214750542295,-39.89154013015184,-22.962962962962962
INE0SUN01013,159,-18.35937499999999,-9.244791666666663,-8.62068965517241
INE0SUN01013,346,-17.06334675942879,-51.3731233980227,-79.34362934362935
INE0SUN01013,364,-11.325724319578578,-50.965759438103596,-12.41721854304636
INE0SUN01013,517,,,124.9084249084249
INE0SVY01018,177,7.901234567901239,5.629629629629629,13.913043478260878
INE0SYV01018,446,20.607175712971483,,6.666666666666665
INE0SYV01018,457,-10.493827160493819,,-21.51162790697675
INE0SYV01018,470,-7.933884297520654,,-40.963855421686745
INE0SYV01018,473,-2.889667250437822,,-22.368421052631582
INE0SZ301012,161,4.561101549053359,33.21858864027541,-75.49668874172185
INE0SZ301012,173,0.17271157167531026,7.081174438687388,30.000000000000004
INE0SZ301012,275,-6.3392857142857135,-23.214285714285708,-34.66666666666667
INE0SZ301012,312,-19.106957424714423,30.841121495327116,-9.876543209876543
INE0T0L01014,342,-6.309751434034416,-29.254302103250474,-65.48672566371681
INE0T0L01014,354,-7.1120689655172376,-22.413793103448278,-70.91836734693877
INE0T0L01014,369,-17.286652078774633,,9.459459459459453
INE0T3401029,147,-6.299407114624511,-12.030632411067188,19.111709286675648
INE0T4V01015,80,15.556900726392264,47.33656174334142,-90.17608897126969
INE0T4V01015,95,22.481751824817508,21.50851581508515,-65.13409961685824
INE0T4V01015,106,34.366925064599485,17.41602067183461,171.76470588235296
INE0T4V01015,119,3.2786885245901676,6.639344262295088,-6.976744186046513
INE0T4V01015,371,1.3784715183458474,,37.689969604863215
INE0T7B01010,151,-26.310458343884523,-36.03443909850594,-7.564296520423596
INE0T7B01010,177,18.24417009602197,17.64974851394605,-6.8627450980392135
INE0T7B01010,188,6.1068702290076216,7.548770144189976,-76.60338635197536
INE0T7B01010,227,17.027863777089802,0.6191950464396356,24.871794871794872
INE0T9I01011,116,-6.029962546816481,-7.116104868913853,-68.58638743455498
INE0T9I01011,136,8.170585890793136,7.65245117576725,28.333333333333343
INE0TD101011,39,1.1507479861910141,22.324510932105856,-40.085287846481876
INE0TD101011,48,-20.853540252182345,-12.318137730358869,-34.42136498516321
INE0TD101011,314,-13.567839195979891,-20.603015075376874,-16.85393258426966
INE0TD101011,317,-7.631578947368423,,-13.636363636363635
INE0TD101011,320,-9.523809523809511,,-9.523809523809524
INE0TD401015,116,31.605922551252853,,226.90058479532163
INE0TG801013,149,-1.7391304347826098,-18.10276679841898,29.21348314606742
INE0TG801013,175,-20.858895705521473,-26.3803680981595,-63.81909547738693
INE0TG801013,194,-0.5067567567567655,-17.229729729729737,69.87951807228916
INE0TNW01017,173,-8.265916285613784,-21.948645796693633,-68.62595419847328
INE0TNW01017,221,-12.278426286208388,-20.449632511889327,-79.92315081652256
INE0TNW01017,228,-23.02513464991024,-4.39856373429085,60.86956521739131
INE0TNW01017,230,-23.633879781420763,-7.103825136612018,182.82051282051285
INE0TNW01017,461,-11.355159552424364,-19.643597181931206,159.06250000000003
INE0TNX01015,35,-10.973084886128358,-44.45134575569358,-63.026521060842434
INE0TNX01015,41,-19.753577106518282,-54.789348171701114,-72.49766136576238
INE0TNX01015,48,-9.157250470809796,-47.740112994350284,-49.74619289340102
INE0TNX01015,87,-21.142080217539082,-30.795377294357586,-27.531645569620256
INE0TNX01015,102,3.015075376884413,-32.37018425460637,-57.02341137123745
INE0TNX01015,114,2.556818181818188,-29.92424242424242,-74.63592233009709
INE0TNX01015,123,-7.299875570302772,-27.54043965159685,-60.18306636155606
INE0TNX01015,179,-23.98463227222831,-28.979143798024143,133.72093023255815
INE0TNX01015,184,-25.17523364485981,-29.78971962616822,89.21832884097034
INE0TNX01015,194,5.412156536219825,-13.405495420482927,62.532981530343015
INE0TNX01015,207,-10.741885625965997,-7.573415765069558,-86.87150837988827
INE0TNX01015,218,4.5958795562599075,-12.995245641838359,-37.55102040816326
INE0TNX01015,228,-6.105610561056107,-14.191419141914196,-24.8062015503876
INE0TNX01015,236,-17.67713659605552,-16.508400292184078,-39.24050632911392
INE0TNX01015,252,6.261682242990663,2.8037383177569986,47.91666666666667
INE0TNX01015,254,11.442307692307697,3.26923076923078,64.13043478260869
INE0TNX01015,268,-14.684167350287126,-32.731747333880236,-34.24657534246576
INE0TNX01015,279,15.10277033065237,-11.081322609472743,69.10569105691057
INE0TNX01015,300,-24.754901960784327,-14.215686274509808,9.345794392523366
INE0TNX01015,303,-23.029772329246935,-5.779334500875666,33.488372093023266
INE0TNX01015,337,-6.564102564102569,-5.333333333333334,-14.814814814814813
INE0TNX01015,350,2.5116279069767433,-26.41860465116279,-1.538461538461533
INE0TNX01015,428,29.746835443037977,-4.113924050632911,-19.32270916334662
INE0TNX01015,467,-13.719943422913728,,-66.02409638554217
INE0TP801012,65,11.284046692607008,9.922178988326857,-52.43445692883895
INE0TP801012,78,-1.1608623548922004,-1.1608623548922004,-76.45161290322581
INE0TP801012,108,-12.09302325581395,3.875968992248069,-61.26482213438735
INE0TP801012,115,-4.290429042904298,15.51155115511551,-71.78423236514523
INE0TP801012,134,23.181049069373927,10.321489001692052,106.15384615384613
INE0TSF01011,198,5.793450881612094,0.7556675062972307,7.119741100323629
INE0TSF01011,271,-17.16814159292035,-38.3716814159292,108.53658536585367
INE0TVT01024,282,-20.295015259409976,-11.597151576805686,-71.8717549325026
INE0TVT01024,286,-39.5850622406639,-31.576763485477176,-11.286048324240062
INE0TVT01024,362,13.992004568817817,,100.48209366391183
INE0TVT01024,375,-16.090364223144306,,-26.492232215862632
INE0TVT01024,403,,,263.5874246339363
INE0U0201016,40,-19.113814074717638,-32.927888792354466,-53.87755102040816
INE0U0201016,59,0.6651884700665134,-25.166297117516635,0.0
INE0U0201016,154,-13.708513708513713,-8.080808080808078,-65.625
INE0U0201016,157,-20.220082530949114,-14.71801925722146,-45.88235294117647
INE0U0201016,186,-16.867469879518072,-23.19277108433736,56.86274509803921
INE0U0201016,189,-16.96306429548563,-31.60054719562243,20.338983050847446
INE0U0201016,211,1.4492753623188248,-11.956521739130432,-20.967741935483875
INE0U0201016,225,-6.0070671378091856,-36.21908127208481,2.083333333333326
INE0U0201016,267,-33.65570599613154,-16.634429400386853,86.15384615384616
INE0U0201016,269,-23.203285420944564,-19.917864476386036,143.07692307692307
INE0U0201016,285,-14.681440443213301,7.202216066481992,184.05797101449278
INE0U0201016,301,77.61194029850746,,-55.140186915887845
INE0U0201016,322,-14.05622489959839,,-26.436781609195403
INE0U0201016,354,,,12.781954887218049
INE0U0J01015,85,1.5050752537626888,,-18.97689768976898
INE0U1T01012,424,-5.102040816326525,,-62.0
INE0U2501017,90,3.6121673003802313,-9.220532319391639,-47.67255216693419
INE0U2501017,116,-13.16897173782321,29.885748647023448,-13.289036544850497
INE0U2501017,453,,,-58.68263473053892
INE0U2M01015,188,1.1904761904761862,21.33458646616542,-51.96078431372548
INE0U2M01015,192,14.591977869986161,41.07883817427387,-49.056603773584904
INE0U2M01015,248,8.41724761167053,11.025045184611404,-59.024390243902445
INE0U2N01013,295,15.17958412098297,29.281663516068047,-28.493999225706546
INE0U2N01013,325,1.2929885363902827,2.2127432684617254,3.215926493108734
INE0U2N01013,423,6.1209879489320995,,-39.935760171306214
INE0U6201010,272,1.6346652828230335,-11.77996886351842,73.16133043207958
INE0U6N01014,72,4.258675078864349,3.943217665615162,-70.30114226375909
INE0U6N01014,74,1.2759170653907415,3.349282296650702,-76.1569416498994
INE0U6N01014,88,-7.972027972027973,6.433566433566429,-61.5819209039548
INE0U6N01014,112,0.0,21.54779969650984,9.80392156862746
INE0U7V01015,21,-24.39879759519039,-64.12268982409263,-31.43414634146341
INE0U7V01015,51,-51.56932856575288,-28.168454509336517,-29.66798659762413
INE0U7V01015,78,14.30308557531541,95.10563915488675,-61.87412587412587
INE0U7V01015,101,5.411305147058831,51.21783088235294,8.588064046579325
INE0U7V01015,108,19.376770538243626,47.67138810198301,-57.19082260772244
INE0U7V01015,118,48.42738205365402,69.41489361702126,-66.7175572519084
INE0U7V01015,211,6.511160886691902,-27.288174866764503,-23.612395929694728
INE0U7V01015,213,13.147410358565747,-22.833665338645414,-28.59116022099447
INE0U7V01015,248,-14.88321564367191,-38.819482165489774,300.377808709485
INE0U7V01015,253,-9.500632726564772,-37.048573931665516,168.81407592130785
INE0U8P01015,78,-2.774532710280375,,-63.46153846153846
INE0U8P01015,101,10.715411282697751,,394.11764705882354
INE0U8P01015,112,,,-41.645675902602854
INE0U9101019,18,-1.025481665630834,-23.819142324425112,-58.383146807109945
INE0U9101019,32,-29.3075466594536,-39.356234784960776,-70.46461577414863
INE0U9101019,44,-12.834126693518865,-16.715488831929704,-35.4175070592981
INE0U9101019,122,-8.457288567785803,-22.481937951551213,-30.065789473684212
INE0U9101019,153,-3.64014560582423,18.92875715028599,204.55192034139404
INE0U9101019,156,-7.7669902912621325,26.21359223300972,142.38095238095235
INE0U9101019,162,7.294117647058829,47.0,70.66769587032033
INE0U9101019,168,57.86184210526315,57.20394736842105,27.884089666484414
INE0UIZ01018,48,15.302782324058906,15.220949263502437,-33.20342140322723
INE0UK501010,228,-12.403247121011896,-37.700585236926564,-53.548387096774185
INE0UL701015,31,4.426229508196711,59.89071038251366,-43.05799648506151
INE0UL701015,53,20.936857097642037,1.2818483937331981,21.212121212121215
INE0UL701015,65,7.286432160804024,-24.874371859296485,-57.41935483870968
INE0UL701015,70,14.79258370014671,-21.461918100573573,-73.46534653465346
INE0UL701015,99,0.49465453965213957,20.232966331578094,36.36363636363635
INE0UL701015,113,-4.374999999999996,16.874999999999996,-58.00000000000001
INE0UL701015,127,22.666666666666657,22.03333333333335,118.9814814814815
INE0UL701015,139,0.01327316166710446,9.463764268648811,63.53383458646618
INE0UYG01015,84,-3.650793650793649,0.15873015873015817,-78.1981981981982
INE0UYG01015,92,7.540983606557372,16.72131147540985,-62.850467289719624
INE0UYG01015,109,-5.148205928237126,33.85335413416537,-24.83221476510067
INE0UYG01015,118,-7.264296754250388,45.28593508500771,-38.35616438356164
INE0UYG01015,129,27.96052631578947,50.49342105263159,114.28571428571428
INE0UYG01015,202,-13.151927437641731,-17.573696145124718,27.586206896551737
INE0V2V01015,41,,,1.1312217194570096
INE0V2V01015,48,,,-58.99705014749262
INE0V2V01015,53,,,-10.806174957118353
INE0V9N01017,77,3.9008164499546583,3.9008164499546583,37.353629976580805
INE0V9N01017,86,2.1679473106476443,-22.63995609220637,19.56756756756757
INE0V9N01017,117,-23.440285204991085,-43.07040998217468,-60.55603822762815
INE0V9N01017,122,-20.428782651552503,-21.414489896500744,-69.66993755575379
INE0V9N01017,149,-16.977295831921392,39.41036936631648,142.03389830508476
INE0V9N01017,171,18.670886075949376,91.27486437613021,69.95940460081191
INE0V9N01017,213,13.607681755829915,52.81207133058985,-27.77777777777778
INE0V9N01017,252,19.157894736842106,44.652631578947364,-37.244897959183675
INE0V9N01017,258,26.918582002337367,30.892091936112198,-52.178217821782184
INE0V9N01017,281,9.611419508326735,-10.65820777160984,4.833333333333334
INE0V9N01017,300,1.6712245518079705,-8.6903676694014,-44.2063492063492
INE0V9N01017,428,38.91090114802398,63.06004266991771,74.84388938447815
INE0V9N01017,460,9.66557377049182,,2.8328611898017053
INE0V9N01017,480,2.8402296101411206,,-60.9504132231405
INE0V9N01017,495,,,25.814536340852136
INE0VDK01019,157,,,-43.94736842105264
INE0VZS01015,112,5.408653846153855,-14.393028846153854,-54.35406698564593
INE0VZS01015,139,-6.952352412346419,-16.661672160623308,-33.943833943833944
INE0W2G01015,22,15.548634403449913,-0.47915668423574864,-6.518431462355889
INE0W2G01015,33,-5.133555926544242,-10.454924874791327,-60.57902970988689
INE0W2G01015,54,-10.184409052808041,-13.663034367141647,-49.1771123775835
INE0W2G01015,125,-6.866077498300482,-1.0650351234987698,341.4662437495024
INE0WCH01015,75,-5.7653676175170805,19.88750502209722,-75.30973451327434
INE0WCH01015,79,-3.882575757575757,8.56060606060607,-72.19101123595506
INE0WCH01015,87,20.82228116710876,9.890109890109876,-48.10725552050473
INE0WCH01015,112,-2.2903278958642304,4.382929642445221,-53.93794749403341
INE0WKY01013,74,19.23725242309311,102.27560050568898,-18.046405041535373
INE0WKY01013,85,36.7671975601491,,-32.55354200988469
INE0WKY01013,95,38.71402120855074,,-35.99153140437544
INE0WKY01013,123,,,-10.33803243898742
INE0WVU01018,34,-16.464891041162222,-39.46731234866828,-86.3129435620142
INE0WVU01018,346,0.0,,-86.46523178807946
INE0WVU01018,361,17.021276595744684,,-64.30274135876043
INE0WVU01018,372,,,31.418624891209745
INE0X4A01013,30,-12.380952380952381,-11.895238095238092,-82.15417106652588
INE0X6F01017,131,14.71556182416549,23.554301833568413,-89.2466194462331
INE0XAY01012,20,-48.96547502448579,-55.74804113614103,-82.7601607860652
INE0XAY01012,41,-19.921727054664828,5.718974876909466,-60.80402010050252
INE0XAY01012,54,11.67853231106244,9.255202628696612,-58.525345622119815
INE0XAY01012,68,-7.128430557205656,-14.93406201734585,-3.749999999999998
INE0XAY01012,74,-4.621797229373548,-17.494176780679172,-8.333333333333337
INE0XAY01012,234,-6.25,-19.342105263157894,-63.75838926174497
INE0XJ501010,106,-7.604832977967302,,-10.336538461538458
INE0XLO01010,129,-0.13315579227696217,,-39.740259740259745
INE0XUD01014,63,-1.515151515151525,-1.7316017316017396,-54.97032640949555
INE0XUD01014,65,-3.0466970387243664,3.4168564920273425,-40.400363967242946
INE0XUD01014,68,5.651105651105648,,-21.33995037220844
INE0Y4801011,192,33.263157894736835,104.9122807017544,85.79545454545455
INE0Y4801011,225,29.990118577075098,90.71146245059288,-39.62264150943396
INE0Y4801011,239,23.684210526315773,64.96465043205029,-20.4225352112676
INE0Y4801011,266,11.02650874224478,,-12.571428571428566
INE0YAL01017,248,-11.695906432748549,-37.71929824561404,256.06060606060606
INE0YAL01017,259,11.111111111111116,-13.580246913580252,-9.090909090909093
INE0YAL01017,442,-36.58536585365852,,216.38095238095238
INE0YAL01017,479,,,-66.59815005138746
INE0YHV01011,41,-14.938376540586484,-35.677858053548675,-76.39315489249671
INE0YHV01011,65,-12.285480795423599,-18.223917188776905,-5.760368663594473
INE0YHV01011,86,-9.054878048780479,55.60975609756096,-74.59915611814345
INE0YHV01011,147,13.715245381601049,25.76973315917148,-61.18607954545454
INE0YHV01011,165,1.2064343163538993,-4.440348525469173,-51.86757215619695
INE0YJA01011,72,-15.628469224127306,20.833847292463293,-59.97357992073976
INE0YJA01011,86,9.742441209406483,-19.584422048027882,-33.01435406698564
INE0YJA01011,95,57.12468193384224,,35.43307086614173
INE0YJA01011,133,,,103.13977681104593
INE0YRN01025,23,7.361111111111107,-15.277777777777779,87.54266211604096
INE0YRO01015,73,5.531324345757338,7.057890563045199,-24.670763827919227
INE0YRO01015,92,-5.901513699942507,4.13872389346619,-41.235955056179776
INE0YRO01015,97,-3.7616917446116283,11.834078893859278,-50.390625
INE0YRO01015,349,32.12435233160622,7.61259465922679,157.58389261744966
INE0YRO01015,399,-8.815838625326855,,-17.864476386036966
INE0Z4F01028,149,2.2426713687458744,-12.227242671368742,-51.119240077215636
INE0Z4F01028,153,16.621104428649545,0.8687200048599797,-65.91075212109436
INE0Z4F01028,165,-21.524517778294204,,-52.544571098350914
INE0ZHT01012,67,-10.51056667290069,-21.357770712549097,-50.413223140495866
INE0ZHT01012,77,-9.51903807615231,4.909819639278568,-83.25991189427313
INE0ZHT01012,150,-3.7748917748917754,-1.904761904761909,-77.66323024054984
INE0ZHT01012,165,2.281667977970092,0.31471282454760274,-48.85057471264368
INE0ZHT01012,186,17.17171717171717,12.828282828282834,271.60493827160496
INE0ZHT01012,269,13.111726685133895,,139.0
INE0ZHT01012,271,14.405790333878121,,117.14285714285712
INE12UR01024,128,6.081926203877419,,-19.745470876394577
INE12UR01024,158,6.750823271130635,,-21.728541347984542
INE13YH01017,115,21.44652871784953,84.31637981048152,-11.72727272727273
INE13YH01017,140,-10.15888902789941,,-46.32224168126095
INE13YH01017,178,-11.534511092851286,,-44.516129032258064
INE14LM01012,62,24.539338988008197,1.5794091839719249,97.61904761904762
INE14LM01012,75,0.0,-5.190677966101697,-2.6470588235294135
INE14UN01029,120,8.533034714445687,,-73.22959979439088
INE163401016,36,57.18015665796343,18.97302001740644,1.195219123505975
INE163401016,99,,,109.82142857142856
INE16SF01016,181,-0.7407407407407418,-15.039682539682541,4.04439352915853
INE16SF01016,224,-9.828217403548301,-7.561250352013527,25.473609652798746
INE184O01015,21,-0.07146941109205107,-23.61349342481418,-75.8475980581033
INE184O01015,52,-7.986712882726743,-24.321201617562103,-46.404431636295044
INE184O01015,55,-9.594694178334562,-21.45910095799558,-60.871764343011456
INE184O01015,111,4.455090723905086,11.188652910332353,-78.73237005702153
INE184O01015,121,-7.082945013979492,11.12767940354149,-47.22087201337119
INE19I001020,20,-17.353579175704994,-39.93733429742107,-86.66158536585365
INE19I001020,33,-10.94697968873648,-36.164600369295705,42.76169265033407
INE19I001020,57,-7.03874866690366,-19.658727337362247,61.40065146579805
INE1AG301022,30,-26.486761710794305,-42.550916496945014,-68.0409877505158
INE1AG301022,53,-14.838243267666728,-37.92397132357371,-13.615024709986468
INE1AG301022,96,-12.700098007187188,2.9402156158118364,-26.190588176492035
INE1BA901016,25,-18.714183381088834,-6.303724928366772,-91.79678396644138
INE1BA901016,69,38.10408921933086,-9.930961232076463,31.944444444444443
INE1BA901016,88,-10.734898037706808,-37.899191996921886,-69.37172774869109
INE1BA901016,120,-15.028614083105252,,76.76767676767678
INE1BA901016,135,-6.596614127262113,,-50.54945054945055
INE1C3F01018,43,-17.628644100958713,-33.57464292702015,-62.522308149910764
INE1CJB01013,37,-8.45151953690303,1.0564399421128856,-61.85185185185185
INE1CJB01013,97,0.24344837462408897,,-18.620689655172416
INE1CRP01016,139,,,154.54545454545453
INE1D8001016,16,5.171208944793859,3.074772886093635,-66.7116883116883
INE1D8001016,41,-2.8735632183907955,-20.753512132822483,-68.90756302521008
INE1D8001016,107,3.23325635103926,,17.34693877551021
INE1DKT01011,107,5.125925925925912,,47.14285714285715
INE1DKT01011,126,,,44.963144963144956
INE1E1V01017,71,-13.50448758088083,4.383218534752653,56.68896321070234
INE1E4401010,152,,,-75.18005540166205
INE1EUB01016,40,-23.770293191180038,-40.63484371213957,-86.46455001193603
INE1EUB01016,67,-7.31225296442688,8.18181818181818,-34.81989708404802
INE1EUB01016,92,-5.684853109500199,-11.865700114460132,105.5702917771883
INE1EUB01016,95,1.1539992041385005,-6.0883406287305935,54.666666666666664
INE1EUB01016,97,4.907216494845357,6.927835051546394,37.809917355371894
INE1EUB01016,107,19.99123191582641,0.8329679964927728,-4.588607594936711
INE1EUB01016,143,0.0,,-62.36933797909408
INE1EUB01016,150,-0.6211180124223503,,1.7699115044247815
INE1F9M01018,88,5.6346905332156805,,-66.66666666666667
INE1F9M01018,93,2.6805385556915473,,-72.3948811700183
INE1F9M01018,125,,,61.77317213586642
INE1ITY01011,20,-20.707472178060414,-17.7927927927928,-89.19821826280624
INE1ITY01011,43,-8.58059342421813,-4.570970328789093,-15.891472868217049
INE1K0V01011,11,-7.723258096172724,,-84.35521415270019
INE1KEC01023,98,35.8766657956624,,114.00000000000001
INE1KU201016,92,8.847497089639123,,-34.72222222222222
INE1KU201016,116,-10.056214865708924,,5.752212389380529
INE1KVL01010,20,-2.950096498483601,,-81.09107720758206
INE1KVQ01019,11,10.4941551540914,42.40170031880979,-92.18175388967468
INE1MF401019,11,17.17171717171717,3.0303030303030276,-57.25340136054422
INE1MF401019,44,19.368421052631568,4.210526315789487,-23.636363636363633
INE1MF401019,67,-11.483253588516739,,-18.181818181818176
INE1MF401019,86,-10.259122157588585,,-35.61643835616438
INE1N9E01015,68,,,-53.551912568306
INE1N9E01015,70,,,-63.1578947368421
INE1O6P01016,52,-19.10732945215704,-11.106135244066273,-52.766798418972336
INE1O6P01016,72,-9.651227163683329,,-30.962343096234314
INE1O6P01016,77,5.900000000000016,,-12.048192771084343
INE1O6P01016,112,,,-45.02923976608187
INE1OOJ01011,31,3.6027798098025032,60.18653986832481,-58.91364902506964
INE1OOJ01011,53,19.199999999999996,,-14.78102189781022
INE1OOT01028,133,,,-57.442258340461926
INE1OSW01015,10,-8.648209937776175,-12.796464965280908,-84.98613037447988
INE1TY801010,58,27.11991034740382,,122.56532066508315
INE1TY801010,62,54.69924812030076,,125.44080604534007
INE1TY801010,110,,,-71.04072398190044
INE1U6D01014,23,12.097351467430206,24.194702934860434,48.837209302325576
INE1U6D01014,41,7.595676307332755,,-13.749060856498874
INE1V4601019,19,2.9962546816479474,-23.408239700374533,-67.5909090909091
INE1V4601019,78,24.102564102564106,18.974358974358974,4.571428571428582
INE1V4601019,96,0.5802707930367523,,-40.700808625336926
INE1V4601019,110,-15.807560137457044,,-8.499999999999996
INE1V4601019,124,-10.236220472440937,,-59.64125560538116
INE1YNB01019,40,15.301724137931028,15.355603448275868,-66.51501364877161
INE1YNB01019,65,29.415105053946622,,-11.209439528023601
INE1YNB01019,81,-13.557161070973223,,-56.72514619883041
INE202E01016,44,-19.379646244552685,-11.689310433222255,-42.86282590202807
INE202E01016,84,9.573791348600524,41.92748091603056,80.78113301774334
INE202E01016,176,-5.285922229153661,-21.983780411728006,-23.44728053429477
INE218I01013,85,-8.818443804034581,-8.01152737752161,-28.786562246668858
INE236E01022,219,1.38028667492478,14.935409662006727,-23.518695548895508
INE24H301028,49,5.255781359495448,,-17.439293598233995
INE24H301028,83,,,-15.470784135634275
INE471R01019,281,-31.968810916179336,-26.99805068226121,-7.317073170731703
INE471R01019,313,-2.1410579345088276,,-12.222222222222223
INE471R01019,334,-16.666666666666675,,-23.25581395348837
INE497S01012,90,-5.484317620853663,74.34230329299862,-39.980366641554234
INE497S01012,107,0.7881773399014858,58.097290640394085,-76.39860779900192
INE497S01012,114,13.846878126287287,70.05825928323428,-31.9245214853363
INE497S01012,176,-17.337441831216218,-26.974594390642693,-16.362969774799787
INE497S01012,180,-24.520069808027923,-24.272833042466544,-47.35595717561414
INE497S01012,182,-16.306489544270008,-14.781033496472396,-67.03523264945102
INE518X01015,255,-0.7751937984496138,-22.480620155038768,3.2258064516129004
INE518X01015,464,31.182795698924703,,-3.57142857142857
INE597Z01014,277,47.27126805778492,72.99357945425362,-56.703727926749515
INE597Z01014,286,30.17356475300399,64.55273698264352,-79.40267765190525
INE597Z01014,327,18.1242672919109,2.9073856975381007,22.92490118577075
INE597Z01014,394,13.101604278074873,-3.364527629233516,9.278350515463906
INE597Z01014,416,-19.172932330827074,-15.664160401002503,-19.76744186046512
INE597Z01014,426,-13.109756097560975,-13.536585365853659,122.22222222222223
INE597Z01014,450,-7.0535503656522724,17.881575843359276,24.242424242424242
INE597Z01014,459,-5.420124481327814,29.668049792531104,-39.76608187134503
INE622H01018,93,11.597655998454526,48.91493335050552,-22.57953093499262
INE622H01018,111,21.456444393435103,48.617009066911535,74.39858441936578
INE639X01027,502,-2.162718846549938,,5.020920502092041
INE718I01012,120,-0.5196304849884537,1.2949521610029713,-36.673969293763484
INE833Q01012,19,-16.089285714285705,-48.30357142857144,-75.07898516036381
INE833Q01012,67,-20.248715869153834,-6.731549067315501,-7.860262008733621
INE833Q01012,69,-15.993170176437111,-1.1098463289698324,1.388888888888884
INE833Q01012,105,27.08333333333335,7.309941520467844,18.927444794952674
INE833Q01012,170,-6.855955678670367,,11.711711711711704
INE841L01016,454,40.383250532292415,61.49751596877218,-62.50277248423668
INE841L01016,470,29.276441389843466,25.47728140511647,-56.73544129450985
INE843S01025,146,9.275243183997816,-6.7474996574873325,-36.62586564298203
